user_id,persona_type,gender,age,province,city,tenure_months,arpu_yuan,data_usage_gb,call_minutes,current_plan,device,preferred_channel,interested_features,satisfaction,churn_risk,interaction_count,last_interaction_days
CM000001,家庭用户,女,50,云南,曲靖,183,211.16,36.1,776,神州行孝心卡,OPPO Find X6,APP,家庭共享套餐|儿童手表|智能家居,一般,中风险,24,26
CM000002,商务精英,男,51,安徽,芜湖,165,524.72,54.6,1702,全球通188元,华为畅享,短信营业厅,云存储|国际漫游|企业VPN,一般,中低风险,23,110
CM000003,家庭用户,男,31,广西,南宁,211,122.6,28.6,676,全球通128元,华为Mate 60,APP,宽带融合|亲情号码|智能家居,非常不满意,中低风险,29,3
CM000004,蓝领工人,男,25,吉林,吉林,115,60.56,30.2,375,动感地带校园版,小米13,APP,视频通话|务工套餐|语音优惠,一般,高风险,8,40
CM000005,学生群体,男,12,陕西,宝鸡,68,51.87,72.8,80,移动大流量卡,华为畅享,APP,兼职通话|夜间流量|校园流量包,满意,低风险,14,25
CM000006,家庭用户,男,37,青海,德令哈,191,115.65,35.3,281,神州行孝心卡,华为Mate 60,网上营业厅,家庭共享套餐|宽带融合|亲情号码,不满意,中高风险,1,3
CM000007,银发一族,女,67,新疆,石河子,17,39.29,0.5,388,神州行38元,OPPO Find X6,APP,大字版APP|语音畅聊包|健康监测,一般,低风险,12,49
CM000008,潮流青年,男,22,内蒙古,赤峰,28,69.21,109.2,58,5G智享套餐,三星S24,营业厅,音乐畅听|流量不限量|视频会员,一般,中低风险,13,16
CM000009,商务精英,男,36,河北,石家庄,1,400.21,98.8,1699,全球通288元,iPhone 14,10086热线,国际漫游|企业VPN|云存储,不满意,中低风险,23,11
CM000010,商务精英,男,29,浙江,温州,178,473.43,26.2,442,移动畅享套餐,荣耀Magic6,网上营业厅,云存储|企业VPN|国际漫游,一般,中高风险,18,2
CM000011,潮流青年,男,20,贵州,安顺,123,52.29,70.7,194,5G融合套餐299,iPhone 15 Pro,10086热线,游戏加速|视频会员|社交免流,非常满意,中低风险,12,77
CM000012,商务精英,女,48,山西,临汾,184,403.63,38.2,1763,神州行38元,华为P60,营业厅,商务彩铃|云存储|国际漫游,满意,中高风险,13,62
CM000013,潮流青年,女,17,辽宁,锦州,95,54.15,34.2,163,移动大流量卡,iPhone 14,网上营业厅,音乐畅听|流量不限量|游戏加速,满意,中风险,11,43
CM000014,潮流青年,男,18,重庆,沙坪坝区,174,49.38,86.7,247,动感地带校园版,vivo X100,APP,游戏加速|流量不限量|社交免流,一般,中高风险,13,8
CM000015,银发一族,男,67,黑龙江,牡丹江,7,57.28,3.1,383,5G融合套餐299,iPhone 15 Pro,10086热线,紧急呼叫|大字版APP|语音畅聊包,满意,中高风险,14,24
CM000016,银发一族,女,59,四川,成都,62,35.7,3.7,230,5G融合套餐299,华为Mate 60,短信营业厅,健康监测|大字版APP|语音畅聊包,一般,中低风险,1,2
CM000017,银发一族,女,71,宁夏,吴忠,83,36.06,3.9,130,全球通388元,华为Mate 60,APP,防诈提醒|紧急呼叫|健康监测,满意,低风险,12,42
CM000018,银发一族,男,66,内蒙古,呼和浩特,231,31.63,4.4,259,全球通188元,iPhone 15 Pro,APP,大字版APP|紧急呼叫|健康监测,非常不满意,中低风险,11,38
CM000019,银发一族,男,59,上海,黄浦区,159,42.41,4.3,343,5G融合套餐299,iPhone SE,APP,防诈提醒|语音畅聊包|紧急呼叫,非常不满意,高风险,21,110
CM000020,家庭用户,女,40,云南,大理,141,178.08,35.5,719,全球通188元,华为Mate 60,短信营业厅,宽带融合|家庭共享套餐|儿童手表,一般,低风险,21,110
CM000021,家庭用户,男,38,广西,柳州,105,161.04,14.8,745,动感地带18元,vivo X100,短信营业厅,家庭共享套餐|宽带融合|儿童手表,满意,中风险,13,0
CM000022,银发一族,男,67,贵州,遵义,19,47.18,1.8,242,神州行38元,华为畅享,短信营业厅,防诈提醒|大字版APP|语音畅聊包,一般,低风险,9,26
CM000023,家庭用户,男,48,四川,绵阳,88,210.83,33.4,705,移动畅享套餐,realme GT5,网上营业厅,宽带融合|亲情号码|儿童手表,不满意,高风险,19,0
CM000024,学生群体,男,14,安徽,合肥,188,41.01,59.1,136,全球通128元,vivo X100,网上营业厅,夜间流量|兼职通话|假期短号,一般,高风险,19,19
CM000025,潮流青年,女,21,河南,洛阳,166,92.49,146.5,104,动感地带校园版,realme GT5,微信公众号,流量不限量|社交免流|视频会员,满意,低风险,15,13
CM000026,学生群体,男,12,海南,儋州,217,31.95,73.0,83,5G融合套餐299,华为Mate 60,微信公众号,校园流量包|夜间流量|学习APP免流,不满意,中高风险,34,10
CM000027,潮流青年,女,26,天津,河东区,193,102.83,58.7,114,神州行孝心卡,realme GT5,微信公众号,视频会员|游戏加速|社交免流,不满意,中风险,12,37
CM000028,蓝领工人,男,38,重庆,江北区,208,90.45,34.7,448,移动大流量卡,iPhone SE,APP,闲时流量|视频通话|语音优惠,一般,中低风险,11,32
CM000029,商务精英,女,29,青海,海东,239,437.43,90.4,886,神州行38元,华为P60,微信公众号,5G极速套餐|企业VPN|云存储,非常满意,高风险,7,24
CM000030,银发一族,女,64,江西,九江,3,40.72,4.7,109,全球通88元,华为畅享,10086热线,防诈提醒|紧急呼叫|健康监测,不满意,低风险,7,21
CM000031,潮流青年,女,16,宁夏,中卫,119,42.4,129.5,271,动感地带校园版,三星S24,10086热线,游戏加速|社交免流|流量不限量,一般,中低风险,22,18
CM000032,家庭用户,男,39,福建,漳州,199,91.03,39.8,480,动感地带校园版,华为Mate 60,APP,宽带融合|智能家居|家庭共享套餐,一般,高风险,17,17
CM000033,商务精英,男,35,浙江,嘉兴,170,561.86,71.6,1288,全球通128元,华为畅享,微信公众号,国际漫游|企业VPN|云存储,不满意,低风险,14,74
CM000034,蓝领工人,女,26,宁夏,银川,188,75.67,24.3,567,神州行38元,iPhone 14,10086热线,闲时流量|老乡号码|务工套餐,非常满意,低风险,4,8
CM000035,学生群体,女,17,重庆,渝中区,92,18.46,66.8,45,移动大流量卡,OPPO Find X6,网上营业厅,夜间流量|假期短号|兼职通话,非常满意,高风险,8,4
CM000036,家庭用户,男,37,上海,浦东新区,34,136.56,40.0,664,全球通128元,华为畅享,网上营业厅,宽带融合|家庭共享套餐|亲情号码,满意,高风险,6,6
CM000037,银发一族,女,73,贵州,遵义,22,37.98,4.0,593,全球通388元,小米14,营业厅,防诈提醒|紧急呼叫|大字版APP,非常满意,低风险,17,82
CM000038,蓝领工人,男,37,广西,南宁,95,43.51,26.2,284,神州行孝心卡,华为P60,微信公众号,闲时流量|老乡号码|务工套餐,满意,中风险,11,20
CM000039,学生群体,男,15,宁夏,银川,230,45.01,66.5,36,移动大流量卡,荣耀Magic6,短信营业厅,学习APP免流|校园流量包|夜间流量,一般,低风险,28,8
CM000040,家庭用户,女,37,重庆,九龙坡区,209,118.04,51.4,286,全球通88元,小米13,10086热线,儿童手表|家庭共享套餐|亲情号码,不满意,低风险,14,13
CM000041,潮流青年,女,23,甘肃,张掖,175,122.1,107.3,263,和家庭168,iPhone 15 Pro,网上营业厅,视频会员|游戏加速|社交免流,不满意,低风险,3,4
CM000042,商务精英,女,31,天津,南开区,227,147.19,26.9,1371,5G智享套餐,三星S24,短信营业厅,国际漫游|企业VPN|商务彩铃,一般,低风险,15,33
CM000043,潮流青年,女,28,新疆,克拉玛依,87,52.45,89.3,260,全球通388元,小米14,营业厅,音乐畅听|流量不限量|视频会员,一般,中风险,11,3
CM000044,商务精英,男,36,吉林,延边,51,249.66,69.5,1338,神州行38元,小米14,10086热线,国际漫游|云存储|企业VPN,一般,中高风险,26,46
CM000045,学生群体,女,21,北京,丰台区,207,54.33,77.7,82,神州行孝心卡,小米13,短信营业厅,校园流量包|学习APP免流|假期短号,不满意,中高风险,15,9
CM000046,蓝领工人,男,23,江苏,苏州,225,81.0,30.4,249,全球通388元,小米13,10086热线,闲时流量|老乡号码|语音优惠,满意,中风险,26,31
CM000047,商务精英,女,44,广西,北海,70,529.79,27.9,1424,动感地带校园版,OPPO Find X6,微信公众号,5G极速套餐|云存储|商务彩铃,非常满意,低风险,8,17
CM000048,蓝领工人,女,33,宁夏,固原,33,85.27,27.2,500,全球通128元,华为Mate 60,网上营业厅,务工套餐|视频通话|闲时流量,一般,中高风险,21,18
CM000049,蓝领工人,男,31,西藏,日喀则,135,52.73,27.8,521,和家庭198,iPhone SE,网上营业厅,语音优惠|视频通话|老乡号码,一般,低风险,12,75
CM000050,家庭用户,女,42,安徽,芜湖,133,192.48,10.9,350,移动畅享套餐,Redmi Note 12,10086热线,家庭共享套餐|宽带融合|智能家居,满意,中风险,6,65
CM000051,潮流青年,女,26,新疆,喀什,94,90.32,91.3,249,神州行38元,小米13,微信公众号,视频会员|游戏加速|社交免流,满意,中低风险,12,13
CM000052,银发一族,女,73,广西,桂林,155,51.79,0.6,460,移动畅享套餐,OPPO Find X6,APP,大字版APP|紧急呼叫|防诈提醒,一般,高风险,23,16
CM000053,潮流青年,女,19,河北,邯郸,163,106.26,50.1,280,全球通388元,Redmi Note 12,网上营业厅,游戏加速|视频会员|音乐畅听,不满意,中风险,26,41
CM000054,学生群体,女,16,陕西,咸阳,103,34.39,71.7,91,全球通128元,三星S24,10086热线,学习APP免流|兼职通话|夜间流量,满意,中风险,17,3
CM000055,家庭用户,男,40,山西,大同,128,139.52,58.5,592,动感地带18元,小米13,10086热线,亲情号码|智能家居|家庭共享套餐,非常满意,中风险,9,48
CM000056,学生群体,女,14,重庆,九龙坡区,106,44.08,54.4,132,全球通188元,OPPO Find X6,网上营业厅,假期短号|夜间流量|兼职通话,非常满意,中风险,18,43
CM000057,学生群体,女,22,湖南,湘潭,202,28.03,44.7,22,移动畅享套餐,华为Mate 60,营业厅,夜间流量|学习APP免流|假期短号,一般,中低风险,29,52
CM000058,蓝领工人,女,45,辽宁,锦州,100,73.91,32.0,221,全球通128元,realme GT5,APP,老乡号码|务工套餐|闲时流量,一般,中风险,22,69
CM000059,蓝领工人,女,22,广东,东莞,169,44.33,10.6,476,移动畅享套餐,小米13,短信营业厅,老乡号码|视频通话|语音优惠,不满意,中风险,20,86
CM000060,学生群体,女,19,江苏,南京,84,57.31,23.8,118,全球通288元,realme GT5,营业厅,兼职通话|校园流量包|夜间流量,一般,低风险,14,4
CM000061,潮流青年,男,22,陕西,延安,190,107.21,139.1,148,全球通188元,华为P60,10086热线,社交免流|游戏加速|流量不限量,一般,低风险,15,0
CM000062,学生群体,男,16,广西,北海,185,25.22,25.2,44,神州行孝心卡,华为P60,10086热线,学习APP免流|假期短号|兼职通话,非常满意,中低风险,10,21
CM000063,学生群体,男,19,福建,福州,86,42.16,39.9,47,全球通128元,荣耀Magic6,APP,假期短号|兼职通话|学习APP免流,一般,中低风险,8,23
CM000064,银发一族,男,69,广东,东莞,200,19.51,4.6,202,全球通128元,Redmi Note 12,短信营业厅,语音畅聊包|防诈提醒|健康监测,非常不满意,中风险,9,33
CM000065,家庭用户,女,46,天津,河西区,237,180.25,17.9,479,神州行38元,iPhone 15 Pro,APP,家庭共享套餐|亲情号码|宽带融合,非常不满意,中低风险,20,1
CM000066,家庭用户,男,41,西藏,山南,188,141.11,10.4,779,移动大流量卡,OPPO Find X6,APP,亲情号码|宽带融合|家庭共享套餐,非常不满意,中风险,4,83
CM000067,商务精英,男,42,山西,阳泉,132,376.26,44.9,1257,5G融合套餐299,三星S24,网上营业厅,商务彩铃|云存储|5G极速套餐,非常满意,高风险,1,25
CM000068,潮流青年,男,17,上海,徐汇区,239,43.13,50.0,165,全球通388元,小米13,APP,音乐畅听|流量不限量|视频会员,不满意,高风险,10,23
CM000069,家庭用户,女,42,陕西,咸阳,169,189.13,58.2,508,全球通88元,华为P60,网上营业厅,宽带融合|家庭共享套餐|亲情号码,一般,中低风险,2,32
CM000070,学生群体,男,14,青海,格尔木,152,32.91,26.5,145,全球通128元,华为P60,微信公众号,兼职通话|校园流量包|学习APP免流,一般,中低风险,17,101
CM000071,家庭用户,女,42,浙江,温州,189,233.61,31.2,213,移动大流量卡,iPhone SE,10086热线,亲情号码|宽带融合|智能家居,满意,中高风险,23,38
CM000072,银发一族,男,74,甘肃,酒泉,135,46.45,4.6,582,5G智享套餐,OPPO Find X6,微信公众号,大字版APP|健康监测|语音畅聊包,不满意,中风险,3,0
CM000073,商务精英,男,53,内蒙古,鄂尔多斯,62,240.1,89.9,1194,全球通88元,华为P60,短信营业厅,企业VPN|商务彩铃|5G极速套餐,一般,中风险,13,47
CM000074,商务精英,男,53,天津,河西区,101,480.28,95.8,1760,全球通288元,OPPO Find X6,短信营业厅,云存储|国际漫游|商务彩铃,一般,中低风险,7,12
CM000075,潮流青年,男,17,河北,保定,10,87.0,92.0,282,和家庭168,iPhone 15 Pro,10086热线,音乐畅听|游戏加速|视频会员,一般,高风险,6,27
CM000076,学生群体,女,20,贵州,遵义,104,40.88,61.8,28,和家庭168,iPhone 14,APP,兼职通话|假期短号|学习APP免流,满意,中高风险,19,32
CM000077,商务精英,女,38,四川,宜宾,183,208.14,47.1,1730,和家庭168,三星S24,网上营业厅,企业VPN|商务彩铃|云存储,一般,中低风险,15,36
CM000078,潮流青年,女,28,青海,西宁,34,114.13,143.2,198,动感地带校园版,realme GT5,网上营业厅,流量不限量|视频会员|社交免流,满意,中低风险,21,12
CM000079,学生群体,女,19,广西,南宁,188,53.41,60.6,27,全球通188元,iPhone 14,APP,校园流量包|假期短号|兼职通话,一般,高风险,24,29
CM000080,商务精英,女,51,山西,长治,1,411.0,88.6,1047,全球通88元,华为畅享,营业厅,5G极速套餐|国际漫游|企业VPN,满意,中高风险,3,13
CM000081,家庭用户,男,34,贵州,毕节,145,143.29,43.4,604,动感地带18元,iPhone 14,APP,智能家居|亲情号码|宽带融合,非常满意,高风险,21,12
CM000082,家庭用户,男,42,山西,长治,94,214.72,56.4,732,和家庭198,华为畅享,APP,宽带融合|智能家居|家庭共享套餐,一般,低风险,21,63
CM000083,潮流青年,女,27,河北,唐山,62,59.63,100.1,228,动感地带18元,iPhone SE,10086热线,社交免流|游戏加速|流量不限量,不满意,低风险,1,27
CM000084,家庭用户,女,38,福建,厦门,105,114.73,43.8,333,全球通288元,小米14,营业厅,儿童手表|家庭共享套餐|智能家居,满意,中风险,22,11
CM000085,银发一族,男,73,湖北,襄阳,74,32.33,2.5,385,移动畅享套餐,iPhone 14,短信营业厅,紧急呼叫|防诈提醒|健康监测,满意,中高风险,15,10
CM000086,商务精英,男,37,海南,琼海,5,377.33,60.5,1113,和家庭168,Redmi Note 12,APP,商务彩铃|5G极速套餐|企业VPN,满意,低风险,16,9
CM000087,家庭用户,女,40,甘肃,天水,110,206.43,53.1,720,移动大流量卡,iPhone 14,10086热线,智能家居|儿童手表|宽带融合,满意,中高风险,12,144
CM000088,潮流青年,女,18,四川,宜宾,201,54.68,89.6,235,和家庭198,华为Mate 60,10086热线,社交免流|流量不限量|游戏加速,不满意,中风险,17,45
CM000089,潮流青年,男,26,贵州,贵阳,207,116.1,99.9,66,全球通388元,OPPO Find X6,10086热线,游戏加速|视频会员|社交免流,一般,中低风险,11,2
CM000090,商务精英,男,51,新疆,乌鲁木齐,12,551.77,86.5,1744,神州行38元,vivo X100,10086热线,云存储|商务彩铃|企业VPN,满意,中低风险,22,23
CM000091,商务精英,女,52,甘肃,白银,34,308.74,53.2,422,5G智享套餐,小米14,微信公众号,商务彩铃|云存储|企业VPN,一般,中风险,23,36
CM000092,蓝领工人,女,42,湖北,荆州,121,88.63,33.3,277,神州行38元,iPhone 15 Pro,网上营业厅,视频通话|务工套餐|语音优惠,非常满意,中风险,9,42
CM000093,商务精英,男,32,河南,开封,78,165.56,48.6,394,和家庭168,华为Mate 60,微信公众号,云存储|国际漫游|企业VPN,满意,中低风险,14,11
CM000094,家庭用户,男,32,陕西,渭南,91,223.82,50.4,299,5G智享套餐,iPhone 15 Pro,APP,智能家居|儿童手表|宽带融合,一般,低风险,1,106
CM000095,潮流青年,女,16,新疆,石河子,167,46.23,46.6,248,移动畅享套餐,荣耀Magic6,10086热线,游戏加速|视频会员|音乐畅听,非常不满意,中低风险,27,3
CM000096,家庭用户,女,49,山西,长治,195,229.7,37.7,626,全球通188元,iPhone 14,营业厅,宽带融合|智能家居|儿童手表,满意,中低风险,15,14
CM000097,潮流青年,男,23,上海,长宁区,207,126.63,70.1,216,神州行38元,小米14,APP,社交免流|音乐畅听|视频会员,不满意,中低风险,2,6
CM000098,蓝领工人,男,42,内蒙古,包头,74,56.14,30.2,333,全球通388元,小米13,短信营业厅,务工套餐|老乡号码|语音优惠,一般,高风险,27,13
CM000099,商务精英,男,42,内蒙古,呼和浩特,10,254.51,58.5,1940,全球通188元,iPhone SE,短信营业厅,云存储|商务彩铃|企业VPN,满意,中低风险,4,32
CM000100,潮流青年,女,22,山东,青岛,174,63.33,80.7,69,全球通128元,realme GT5,短信营业厅,音乐畅听|社交免流|流量不限量,不满意,中风险,17,6
CM000101,潮流青年,女,27,西藏,昌都,67,111.69,39.3,156,和家庭168,华为P60,APP,视频会员|音乐畅听|社交免流,满意,中低风险,3,5
CM000102,银发一族,女,80,江西,南昌,213,56.52,4.2,453,和家庭198,iPhone SE,APP,语音畅聊包|健康监测|大字版APP,一般,高风险,17,18
CM000103,潮流青年,男,27,上海,浦东新区,213,78.9,102.1,109,动感地带18元,iPhone SE,微信公众号,音乐畅听|社交免流|流量不限量,不满意,低风险,30,114
CM000104,学生群体,男,18,陕西,西安,60,26.34,35.5,119,移动畅享套餐,小米14,网上营业厅,夜间流量|兼职通话|学习APP免流,一般,中风险,11,59
CM000105,银发一族,女,55,山东,青岛,73,27.82,0.8,440,和家庭198,Redmi Note 12,微信公众号,大字版APP|健康监测|防诈提醒,一般,中风险,13,17
CM000106,潮流青年,男,21,青海,德令哈,163,111.66,126.2,140,全球通188元,OPPO Find X6,10086热线,音乐畅听|社交免流|视频会员,满意,低风险,10,40
CM000107,蓝领工人,男,47,福建,福州,231,46.3,31.1,505,和家庭168,华为Mate 60,短信营业厅,语音优惠|老乡号码|闲时流量,满意,中高风险,20,6
CM000108,潮流青年,男,23,黑龙江,牡丹江,197,99.07,114.7,58,全球通288元,三星S24,网上营业厅,游戏加速|社交免流|视频会员,满意,低风险,12,3
CM000109,潮流青年,男,16,辽宁,锦州,11,55.46,132.7,237,神州行38元,三星S24,短信营业厅,音乐畅听|游戏加速|视频会员,非常满意,高风险,13,16
CM000110,家庭用户,女,46,湖南,衡阳,20,116.01,50.3,720,移动畅享套餐,三星S24,营业厅,家庭共享套餐|儿童手表|亲情号码,不满意,中高风险,1,0
CM000111,蓝领工人,女,37,广东,深圳,41,88.65,30.7,584,全球通128元,小米13,10086热线,老乡号码|闲时流量|视频通话,一般,低风险,20,8
CM000112,潮流青年,男,16,广西,北海,103,96.61,117.6,262,5G融合套餐299,iPhone SE,APP,音乐畅听|社交免流|游戏加速,满意,中低风险,20,13
CM000113,商务精英,男,39,天津,河东区,136,356.5,95.5,1196,移动畅享套餐,iPhone SE,10086热线,国际漫游|云存储|企业VPN,满意,低风险,16,26
CM000114,商务精英,男,41,江苏,苏州,164,447.76,46.6,374,移动畅享套餐,realme GT5,营业厅,5G极速套餐|云存储|国际漫游,一般,中高风险,2,75
CM000115,商务精英,男,33,山西,太原,3,166.75,20.4,1151,全球通188元,iPhone 15 Pro,10086热线,云存储|国际漫游|企业VPN,一般,低风险,15,40
CM000116,商务精英,男,50,河北,邯郸,160,563.46,84.0,1810,全球通128元,Redmi Note 12,APP,5G极速套餐|企业VPN|商务彩铃,满意,中风险,30,25
CM000117,学生群体,男,15,宁夏,吴忠,179,57.92,34.2,86,和家庭168,三星S24,短信营业厅,兼职通话|假期短号|夜间流量,满意,中风险,5,7
CM000118,潮流青年,男,18,新疆,石河子,202,72.49,114.1,149,全球通388元,三星S24,短信营业厅,流量不限量|音乐畅听|视频会员,满意,中风险,14,0
CM000119,潮流青年,男,18,吉林,长春,126,109.24,93.3,200,移动大流量卡,华为Mate 60,APP,社交免流|音乐畅听|视频会员,不满意,中低风险,11,64
CM000120,银发一族,男,75,甘肃,酒泉,172,21.07,4.3,503,和家庭198,iPhone SE,网上营业厅,大字版APP|防诈提醒|紧急呼叫,非常不满意,中风险,19,136
CM000121,学生群体,男,22,山西,大同,113,42.76,20.9,48,移动畅享套餐,小米13,网上营业厅,兼职通话|假期短号|夜间流量,非常满意,中风险,1,84
CM000122,学生群体,男,18,黑龙江,大庆,195,23.62,36.0,78,全球通388元,iPhone 15 Pro,短信营业厅,夜间流量|假期短号|学习APP免流,满意,中高风险,24,16
CM000123,潮流青年,女,22,广西,桂林,121,40.71,55.9,268,全球通128元,Redmi Note 12,10086热线,音乐畅听|社交免流|流量不限量,非常不满意,中低风险,19,5
CM000124,蓝领工人,男,34,西藏,山南,50,70.72,24.5,579,全球通188元,小米13,APP,老乡号码|务工套餐|闲时流量,一般,中风险,23,7
CM000125,蓝领工人,女,38,甘肃,张掖,33,93.03,19.9,319,5G融合套餐299,OPPO Find X6,10086热线,务工套餐|语音优惠|老乡号码,一般,低风险,4,47
CM000126,潮流青年,女,25,天津,河北区,223,47.45,53.3,105,5G融合套餐299,Redmi Note 12,APP,视频会员|音乐畅听|游戏加速,一般,中低风险,2,7
CM000127,潮流青年,男,27,江西,景德镇,101,81.94,36.3,290,全球通288元,OPPO Find X6,10086热线,社交免流|音乐畅听|流量不限量,满意,中低风险,7,60
CM000128,家庭用户,男,35,天津,和平区,194,94.32,25.2,766,神州行孝心卡,小米13,网上营业厅,家庭共享套餐|宽带融合|亲情号码,满意,中风险,5,9
CM000129,家庭用户,女,41,福建,漳州,160,111.75,15.7,207,动感地带校园版,小米14,短信营业厅,亲情号码|家庭共享套餐|儿童手表,一般,低风险,4,4
CM000130,潮流青年,女,19,河北,邯郸,232,113.63,127.4,195,移动大流量卡,小米13,微信公众号,音乐畅听|游戏加速|社交免流,非常满意,低风险,2,46
CM000131,家庭用户,男,36,江西,赣州,229,215.22,55.1,522,5G智享套餐,华为畅享,APP,家庭共享套餐|亲情号码|儿童手表,满意,高风险,20,49
CM000132,商务精英,男,53,河北,廊坊,185,372.17,88.6,852,神州行孝心卡,华为P60,微信公众号,企业VPN|5G极速套餐|商务彩铃,一般,中低风险,5,1
CM000133,学生群体,男,14,北京,东城区,181,48.92,46.6,132,动感地带18元,华为Mate 60,营业厅,学习APP免流|校园流量包|假期短号,满意,中低风险,1,54
CM000134,商务精英,女,50,浙江,温州,39,565.82,84.6,1486,5G智享套餐,realme GT5,网上营业厅,国际漫游|企业VPN|5G极速套餐,一般,中低风险,17,34
CM000135,学生群体,男,15,山东,临沂,47,42.28,34.5,28,5G智享套餐,iPhone SE,短信营业厅,假期短号|兼职通话|校园流量包,不满意,中风险,4,44
CM000136,学生群体,女,15,上海,徐汇区,9,44.58,74.3,126,全球通128元,小米14,短信营业厅,夜间流量|校园流量包|假期短号,非常不满意,低风险,12,51
CM000137,潮流青年,女,20,四川,南充,173,69.28,114.1,254,神州行38元,Redmi Note 12,微信公众号,社交免流|音乐畅听|视频会员,一般,低风险,11,53
CM000138,商务精英,女,34,新疆,喀什,64,399.44,61.5,1848,神州行38元,realme GT5,网上营业厅,企业VPN|商务彩铃|云存储,一般,低风险,8,77
CM000139,银发一族,女,75,湖南,岳阳,26,29.17,3.7,238,和家庭198,iPhone SE,营业厅,防诈提醒|语音畅聊包|大字版APP,不满意,中高风险,3,37
CM000140,银发一族,女,80,甘肃,兰州,199,32.31,0.8,156,全球通388元,华为畅享,网上营业厅,健康监测|语音畅聊包|防诈提醒,满意,中风险,13,4
CM000141,商务精英,女,49,吉林,延边,207,207.93,66.2,814,神州行孝心卡,华为P60,短信营业厅,国际漫游|5G极速套餐|商务彩铃,满意,低风险,15,93
CM000142,银发一族,女,63,黑龙江,牡丹江,122,56.61,1.5,385,全球通188元,iPhone 14,网上营业厅,防诈提醒|健康监测|大字版APP,满意,中低风险,8,84
CM000143,商务精英,女,28,甘肃,张掖,155,135.87,84.0,323,动感地带校园版,三星S24,网上营业厅,商务彩铃|5G极速套餐|云存储,非常满意,高风险,24,47
CM000144,银发一族,男,62,内蒙古,鄂尔多斯,15,27.6,4.1,132,移动畅享套餐,iPhone 14,微信公众号,语音畅聊包|健康监测|紧急呼叫,满意,高风险,22,1
CM000145,家庭用户,男,45,吉林,延边,161,197.55,19.5,491,5G智享套餐,OPPO Find X6,微信公众号,儿童手表|宽带融合|亲情号码,一般,中风险,14,7
CM000146,商务精英,男,53,黑龙江,牡丹江,220,479.26,99.7,675,全球通288元,小米14,网上营业厅,商务彩铃|国际漫游|云存储,一般,低风险,14,50
CM000147,潮流青年,男,16,广西,桂林,13,50.85,112.7,202,神州行38元,vivo X100,短信营业厅,流量不限量|音乐畅听|视频会员,满意,中低风险,11,85
CM000148,银发一族,女,60,广西,玉林,240,57.54,4.1,591,全球通188元,华为畅享,10086热线,紧急呼叫|语音畅聊包|大字版APP,非常满意,中低风险,16,4
CM000149,家庭用户,男,38,河南,新乡,143,230.63,18.3,255,动感地带18元,iPhone 15 Pro,微信公众号,家庭共享套餐|儿童手表|智能家居,满意,中高风险,16,52
CM000150,潮流青年,男,25,新疆,乌鲁木齐,39,94.32,142.9,253,全球通188元,荣耀Magic6,短信营业厅,流量不限量|视频会员|游戏加速,不满意,低风险,10,95
CM000151,银发一族,男,63,浙江,绍兴,119,25.92,0.6,198,动感地带校园版,荣耀Magic6,营业厅,健康监测|大字版APP|紧急呼叫,一般,低风险,23,22
CM000152,学生群体,男,18,云南,丽江,2,24.79,36.7,150,和家庭168,华为Mate 60,网上营业厅,假期短号|校园流量包|学习APP免流,不满意,中风险,18,1
CM000153,家庭用户,男,42,黑龙江,佳木斯,109,167.01,41.2,404,神州行38元,iPhone 15 Pro,10086热线,宽带融合|儿童手表|智能家居,非常不满意,低风险,16,17
CM000154,蓝领工人,男,39,黑龙江,牡丹江,192,97.68,19.2,276,移动畅享套餐,小米13,APP,闲时流量|务工套餐|语音优惠,不满意,低风险,18,6
CM000155,银发一族,女,65,河南,新乡,160,57.53,2.4,314,5G融合套餐299,荣耀Magic6,营业厅,防诈提醒|紧急呼叫|健康监测,一般,低风险,30,14
CM000156,商务精英,男,40,宁夏,吴忠,128,354.68,32.0,793,动感地带18元,小米13,微信公众号,商务彩铃|云存储|国际漫游,非常满意,中低风险,17,24
CM000157,商务精英,女,43,山西,临汾,39,214.33,23.7,1200,5G融合套餐299,华为P60,营业厅,云存储|企业VPN|国际漫游,不满意,高风险,10,22
CM000158,商务精英,男,46,河北,石家庄,119,292.47,29.3,1890,5G智享套餐,vivo X100,10086热线,商务彩铃|国际漫游|企业VPN,满意,低风险,22,9
CM000159,家庭用户,女,44,四川,成都,136,236.99,14.8,473,和家庭198,小米13,短信营业厅,家庭共享套餐|宽带融合|亲情号码,非常满意,中风险,11,36
CM000160,潮流青年,男,16,湖南,湘潭,224,41.79,143.7,54,全球通128元,OPPO Find X6,APP,社交免流|游戏加速|视频会员,非常不满意,高风险,17,31
CM000161,学生群体,女,15,青海,海东,109,56.12,36.5,44,神州行孝心卡,华为畅享,营业厅,学习APP免流|夜间流量|兼职通话,不满意,中风险,32,48
CM000162,潮流青年,女,19,湖北,襄阳,26,118.11,64.4,149,神州行孝心卡,荣耀Magic6,APP,游戏加速|音乐畅听|流量不限量,满意,低风险,1,14
CM000163,学生群体,女,15,湖北,武汉,80,53.12,74.1,93,5G智享套餐,iPhone 15 Pro,10086热线,校园流量包|假期短号|学习APP免流,一般,低风险,15,69
CM000164,潮流青年,男,23,黑龙江,哈尔滨,95,104.85,60.2,81,全球通188元,小米14,营业厅,视频会员|流量不限量|游戏加速,满意,高风险,20,62
CM000165,蓝领工人,男,29,上海,静安区,227,70.08,34.6,364,和家庭168,Redmi Note 12,网上营业厅,务工套餐|老乡号码|闲时流量,满意,中低风险,14,40
CM000166,蓝领工人,男,22,重庆,南岸区,54,40.39,30.7,553,动感地带18元,vivo X100,微信公众号,务工套餐|闲时流量|老乡号码,一般,高风险,14,20
CM000167,潮流青年,男,16,海南,三亚,61,51.59,149.2,170,移动大流量卡,三星S24,网上营业厅,音乐畅听|流量不限量|视频会员,满意,中低风险,1,46
CM000168,商务精英,男,52,四川,宜宾,189,264.62,94.1,1903,动感地带18元,小米14,微信公众号,商务彩铃|5G极速套餐|国际漫游,一般,中高风险,19,85
CM000169,商务精英,女,44,云南,曲靖,220,187.31,65.4,406,全球通388元,iPhone 14,微信公众号,国际漫游|商务彩铃|5G极速套餐,满意,中高风险,14,20
CM000170,银发一族,女,55,吉林,延边,162,55.8,4.0,451,移动大流量卡,iPhone SE,APP,防诈提醒|紧急呼叫|健康监测,非常满意,中低风险,22,14
CM000171,学生群体,女,17,四川,宜宾,51,51.02,35.3,102,神州行38元,OPPO Find X6,10086热线,兼职通话|夜间流量|假期短号,非常不满意,中低风险,24,47
CM000172,家庭用户,男,43,湖北,襄阳,108,220.38,31.5,728,全球通188元,小米14,短信营业厅,家庭共享套餐|儿童手表|亲情号码,一般,中风险,15,15
CM000173,学生群体,女,13,青海,德令哈,183,56.61,50.1,23,5G智享套餐,华为畅享,微信公众号,兼职通话|学习APP免流|假期短号,满意,高风险,37,79
CM000174,潮流青年,女,23,海南,三亚,43,71.04,82.8,233,全球通388元,荣耀Magic6,APP,流量不限量|视频会员|音乐畅听,满意,中低风险,18,17
CM000175,家庭用户,女,31,福建,泉州,77,235.94,28.8,490,全球通88元,荣耀Magic6,短信营业厅,宽带融合|亲情号码|智能家居,一般,低风险,12,4
CM000176,蓝领工人,女,44,云南,丽江,53,52.52,12.4,490,神州行38元,三星S24,短信营业厅,视频通话|语音优惠|闲时流量,一般,高风险,3,16
CM000177,学生群体,男,21,云南,玉溪,159,41.24,52.0,130,神州行孝心卡,iPhone 14,营业厅,兼职通话|假期短号|学习APP免流,满意,中低风险,30,1
CM000178,家庭用户,男,32,山西,长治,18,113.23,22.4,546,动感地带校园版,荣耀Magic6,10086热线,儿童手表|宽带融合|家庭共享套餐,不满意,中低风险,17,14
CM000179,潮流青年,女,28,海南,文昌,221,59.97,43.3,84,全球通88元,华为Mate 60,网上营业厅,游戏加速|社交免流|流量不限量,非常满意,中低风险,17,21
CM000180,潮流青年,男,16,云南,大理,38,108.13,44.5,202,动感地带校园版,OPPO Find X6,10086热线,社交免流|音乐畅听|流量不限量,不满意,中风险,16,20
CM000181,银发一族,女,69,湖南,衡阳,106,45.85,4.3,280,和家庭168,OPPO Find X6,营业厅,语音畅聊包|大字版APP|紧急呼叫,满意,高风险,21,20
CM000182,潮流青年,男,28,河北,邯郸,150,107.79,38.2,163,全球通188元,vivo X100,营业厅,音乐畅听|视频会员|社交免流,满意,中低风险,23,65
CM000183,银发一族,男,70,广东,深圳,111,26.98,4.6,290,和家庭198,小米13,微信公众号,大字版APP|紧急呼叫|健康监测,满意,高风险,16,9
CM000184,学生群体,男,22,湖南,株洲,73,31.23,43.8,146,移动畅享套餐,小米14,10086热线,学习APP免流|校园流量包|兼职通话,一般,中低风险,25,20
CM000185,学生群体,男,12,吉林,吉林,173,21.75,64.9,63,全球通388元,三星S24,APP,假期短号|兼职通话|夜间流量,非常满意,中低风险,23,2
CM000186,潮流青年,女,16,山东,济南,139,55.32,64.0,249,和家庭168,iPhone 15 Pro,网上营业厅,视频会员|音乐畅听|社交免流,一般,中低风险,22,2
CM000187,蓝领工人,女,36,河北,保定,47,38.56,19.2,542,神州行孝心卡,Redmi Note 12,营业厅,闲时流量|老乡号码|视频通话,满意,低风险,22,61
CM000188,银发一族,男,66,内蒙古,包头,235,37.89,3.6,269,移动大流量卡,realme GT5,APP,防诈提醒|语音畅聊包|健康监测,满意,低风险,19,32
CM000189,家庭用户,女,49,福建,厦门,8,191.4,34.4,664,动感地带18元,荣耀Magic6,营业厅,亲情号码|家庭共享套餐|宽带融合,满意,中高风险,12,43
CM000190,商务精英,男,38,贵州,贵阳,61,275.81,85.9,1665,全球通128元,Redmi Note 12,短信营业厅,企业VPN|5G极速套餐|国际漫游,满意,低风险,21,24
CM000191,潮流青年,男,26,黑龙江,齐齐哈尔,1,118.15,58.5,179,动感地带校园版,华为畅享,营业厅,游戏加速|音乐畅听|社交免流,满意,中低风险,23,6
CM000192,银发一族,男,59,新疆,克拉玛依,97,28.75,3.3,312,动感地带校园版,realme GT5,10086热线,防诈提醒|语音畅聊包|紧急呼叫,不满意,中风险,21,38
CM000193,家庭用户,男,44,江西,宜春,93,237.4,56.6,259,全球通88元,小米13,APP,智能家居|儿童手表|亲情号码,非常不满意,中风险,25,69
CM000194,家庭用户,男,34,海南,琼海,183,167.79,47.8,370,全球通288元,OPPO Find X6,微信公众号,宽带融合|亲情号码|家庭共享套餐,不满意,低风险,17,21
CM000195,潮流青年,女,25,江西,南昌,143,80.79,97.3,112,全球通88元,华为畅享,营业厅,流量不限量|游戏加速|音乐畅听,满意,中风险,4,16
CM000196,学生群体,男,18,河南,开封,22,45.25,35.6,142,神州行38元,华为畅享,短信营业厅,校园流量包|学习APP免流|假期短号,不满意,中低风险,25,43
CM000197,家庭用户,女,32,四川,绵阳,204,175.38,19.6,269,移动大流量卡,华为Mate 60,微信公众号,家庭共享套餐|宽带融合|儿童手表,一般,低风险,5,17
CM000198,学生群体,男,14,江西,南昌,79,24.9,23.6,90,5G融合套餐299,iPhone 15 Pro,网上营业厅,兼职通话|假期短号|夜间流量,一般,中风险,16,27
CM000199,银发一族,男,70,重庆,九龙坡区,119,46.98,4.8,582,全球通128元,iPhone 14,10086热线,紧急呼叫|健康监测|语音畅聊包,非常满意,中风险,17,58
CM000200,潮流青年,女,16,湖北,武汉,3,69.02,96.6,131,移动畅享套餐,华为Mate 60,10086热线,视频会员|流量不限量|游戏加速,一般,低风险,17,29
CM000201,潮流青年,男,16,天津,河北区,106,100.5,113.2,95,和家庭198,iPhone 15 Pro,营业厅,游戏加速|社交免流|流量不限量,一般,中风险,16,82
CM000202,银发一族,女,63,陕西,渭南,68,44.12,0.7,274,5G融合套餐299,小米13,10086热线,语音畅聊包|紧急呼叫|大字版APP,一般,中低风险,4,32
CM000203,蓝领工人,男,31,四川,绵阳,91,57.31,19.3,556,移动畅享套餐,荣耀Magic6,营业厅,视频通话|老乡号码|语音优惠,不满意,低风险,11,3
CM000204,家庭用户,女,34,陕西,延安,176,134.09,45.7,534,移动畅享套餐,三星S24,短信营业厅,智能家居|亲情号码|儿童手表,非常不满意,高风险,12,8
CM000205,家庭用户,女,31,内蒙古,包头,192,172.25,22.7,291,全球通128元,华为P60,10086热线,智能家居|家庭共享套餐|宽带融合,满意,高风险,9,50
CM000206,学生群体,女,17,北京,西城区,12,52.44,35.8,138,移动大流量卡,iPhone 15 Pro,营业厅,学习APP免流|兼职通话|夜间流量,满意,低风险,12,69
CM000207,银发一族,男,70,西藏,林芝,140,55.49,3.3,439,和家庭198,vivo X100,10086热线,防诈提醒|健康监测|大字版APP,一般,中风险,12,12
CM000208,家庭用户,女,48,宁夏,吴忠,192,151.65,38.0,291,移动畅享套餐,华为畅享,营业厅,亲情号码|智能家居|家庭共享套餐,满意,低风险,11,40
CM000209,潮流青年,女,26,青海,格尔木,133,98.57,47.9,149,全球通128元,iPhone SE,网上营业厅,音乐畅听|社交免流|游戏加速,一般,高风险,17,22
CM000210,学生群体,男,13,福建,福州,213,26.4,75.0,95,和家庭198,三星S24,APP,校园流量包|假期短号|兼职通话,不满意,中风险,15,17
CM000211,蓝领工人,男,32,河南,郑州,167,74.58,15.3,546,和家庭168,三星S24,APP,视频通话|闲时流量|老乡号码,非常不满意,中高风险,16,8
CM000212,学生群体,女,17,广东,深圳,39,33.71,50.1,107,移动畅享套餐,华为Mate 60,APP,校园流量包|学习APP免流|夜间流量,满意,中低风险,24,14
CM000213,商务精英,男,44,西藏,林芝,86,337.01,48.0,1096,全球通128元,华为P60,微信公众号,国际漫游|商务彩铃|云存储,不满意,低风险,7,8
CM000214,商务精英,女,55,浙江,嘉兴,200,434.71,79.2,1432,和家庭168,小米14,网上营业厅,商务彩铃|国际漫游|企业VPN,一般,低风险,2,118
CM000215,家庭用户,男,42,内蒙古,通辽,113,94.31,19.9,770,移动大流量卡,华为畅享,网上营业厅,亲情号码|智能家居|家庭共享套餐,一般,中低风险,30,49
CM000216,家庭用户,男,37,江苏,南京,211,147.89,52.6,296,全球通128元,vivo X100,10086热线,亲情号码|宽带融合|家庭共享套餐,一般,中低风险,18,0
CM000217,蓝领工人,男,36,宁夏,中卫,172,76.32,27.7,438,移动畅享套餐,vivo X100,APP,语音优惠|务工套餐|视频通话,一般,低风险,15,27
CM000218,商务精英,男,29,天津,河东区,21,522.82,37.8,1646,移动大流量卡,iPhone 15 Pro,营业厅,国际漫游|5G极速套餐|企业VPN,不满意,低风险,12,3
CM000219,商务精英,男,53,四川,绵阳,28,517.98,70.6,646,动感地带校园版,华为Mate 60,微信公众号,商务彩铃|国际漫游|5G极速套餐,一般,低风险,13,45
CM000220,潮流青年,男,25,河南,南阳,240,117.71,75.0,262,全球通288元,华为P60,网上营业厅,视频会员|社交免流|音乐畅听,满意,中低风险,19,1
CM000221,银发一族,女,67,福建,莆田,55,38.17,3.6,152,和家庭168,荣耀Magic6,APP,防诈提醒|语音畅聊包|健康监测,非常满意,中风险,8,61
CM000222,商务精英,女,36,重庆,江北区,155,351.15,38.3,1129,动感地带18元,小米13,网上营业厅,云存储|商务彩铃|企业VPN,满意,中风险,21,64
CM000223,银发一族,男,74,海南,儋州,86,26.03,0.6,434,全球通288元,华为P60,微信公众号,防诈提醒|紧急呼叫|健康监测,不满意,高风险,20,13
CM000224,潮流青年,男,23,云南,玉溪,200,114.86,71.1,103,动感地带校园版,小米14,短信营业厅,视频会员|音乐畅听|社交免流,非常满意,中高风险,9,82
CM000225,家庭用户,女,30,山东,烟台,146,134.38,58.1,320,5G融合套餐299,iPhone SE,APP,儿童手表|家庭共享套餐|亲情号码,一般,中低风险,29,40
CM000226,潮流青年,女,16,天津,河北区,85,91.03,100.6,250,动感地带18元,荣耀Magic6,网上营业厅,游戏加速|社交免流|流量不限量,一般,中低风险,24,2
CM000227,商务精英,女,44,宁夏,固原,225,449.77,59.5,1933,神州行孝心卡,realme GT5,10086热线,国际漫游|企业VPN|5G极速套餐,满意,中风险,1,24
CM000228,潮流青年,女,22,陕西,西安,175,124.13,69.0,236,全球通128元,荣耀Magic6,营业厅,游戏加速|音乐畅听|社交免流,不满意,中低风险,20,23
CM000229,银发一族,男,78,江西,南昌,225,51.48,1.5,437,和家庭198,小米14,10086热线,紧急呼叫|健康监测|防诈提醒,非常不满意,中低风险,19,27
CM000230,潮流青年,女,25,上海,徐汇区,30,40.04,82.3,207,神州行孝心卡,iPhone SE,10086热线,流量不限量|游戏加速|音乐畅听,满意,低风险,4,6
CM000231,商务精英,女,55,湖南,株洲,124,531.16,92.2,907,和家庭168,荣耀Magic6,微信公众号,国际漫游|商务彩铃|5G极速套餐,一般,中高风险,9,21
CM000232,潮流青年,女,23,甘肃,张掖,146,109.02,93.0,105,移动畅享套餐,三星S24,10086热线,游戏加速|音乐畅听|流量不限量,一般,中低风险,24,12
CM000233,学生群体,男,20,云南,昆明,111,40.12,66.8,146,全球通128元,iPhone 15 Pro,短信营业厅,兼职通话|假期短号|校园流量包,满意,中风险,5,47
CM000234,学生群体,男,12,西藏,昌都,50,32.77,79.2,142,5G融合套餐299,荣耀Magic6,10086热线,兼职通话|学习APP免流|假期短号,满意,中高风险,24,1
CM000235,银发一族,女,57,云南,曲靖,64,28.34,3.7,167,全球通88元,华为Mate 60,APP,防诈提醒|大字版APP|语音畅聊包,非常满意,中低风险,19,88
CM000236,家庭用户,女,50,浙江,绍兴,108,135.22,58.6,749,5G融合套餐299,华为畅享,APP,家庭共享套餐|智能家居|儿童手表,一般,中风险,1,2
CM000237,家庭用户,男,41,北京,丰台区,203,209.95,54.0,419,和家庭198,小米14,网上营业厅,智能家居|儿童手表|宽带融合,不满意,低风险,27,0
CM000238,家庭用户,男,41,云南,大理,229,170.58,14.1,485,5G融合套餐299,iPhone SE,网上营业厅,儿童手表|家庭共享套餐|亲情号码,非常满意,中风险,8,13
CM000239,银发一族,女,73,广西,桂林,86,53.45,4.8,148,全球通88元,三星S24,10086热线,健康监测|防诈提醒|语音畅聊包,满意,低风险,9,0
CM000240,蓝领工人,男,25,四川,宜宾,92,58.49,26.8,316,全球通188元,OPPO Find X6,网上营业厅,老乡号码|视频通话|闲时流量,满意,低风险,12,9
CM000241,银发一族,女,72,甘肃,天水,176,39.98,1.8,477,5G智享套餐,三星S24,网上营业厅,防诈提醒|紧急呼叫|大字版APP,一般,高风险,16,0
CM000242,学生群体,男,13,湖南,株洲,40,49.86,28.1,148,全球通188元,realme GT5,10086热线,学习APP免流|假期短号|兼职通话,不满意,中风险,1,15
CM000243,家庭用户,女,36,广东,广州,142,214.66,13.5,325,5G融合套餐299,小米14,APP,智能家居|儿童手表|家庭共享套餐,满意,低风险,15,14
CM000244,潮流青年,男,22,青海,海东,86,121.07,46.2,75,全球通388元,vivo X100,短信营业厅,社交免流|音乐畅听|视频会员,不满意,中风险,18,7
CM000245,家庭用户,女,31,贵州,贵阳,113,219.77,29.9,634,全球通88元,OPPO Find X6,10086热线,亲情号码|智能家居|儿童手表,不满意,中低风险,18,32
CM000246,蓝领工人,男,41,四川,南充,224,48.74,19.2,585,和家庭168,iPhone 14,短信营业厅,闲时流量|语音优惠|老乡号码,不满意,中风险,9,38
CM000247,家庭用户,女,38,黑龙江,齐齐哈尔,13,102.78,28.5,445,全球通88元,华为畅享,网上营业厅,宽带融合|亲情号码|家庭共享套餐,一般,中低风险,12,24
CM000248,学生群体,男,16,上海,浦东新区,19,25.35,61.0,41,移动大流量卡,iPhone 15 Pro,短信营业厅,夜间流量|校园流量包|学习APP免流,一般,中低风险,29,43
CM000249,银发一族,女,62,山西,临汾,176,44.83,1.0,267,神州行孝心卡,realme GT5,短信营业厅,大字版APP|健康监测|语音畅聊包,满意,中风险,29,2
CM000250,潮流青年,男,25,上海,徐汇区,141,112.47,70.3,82,移动大流量卡,iPhone 15 Pro,营业厅,社交免流|游戏加速|视频会员,一般,高风险,23,11
CM000251,学生群体,男,17,吉林,长春,105,39.74,42.8,74,移动畅享套餐,iPhone 15 Pro,短信营业厅,夜间流量|兼职通话|校园流量包,非常满意,中风险,3,92
CM000252,潮流青年,女,25,湖北,黄石,46,79.24,73.9,104,全球通88元,华为P60,网上营业厅,音乐畅听|社交免流|流量不限量,一般,低风险,15,4
CM000253,蓝领工人,男,45,四川,德阳,76,82.93,24.7,247,5G融合套餐299,Redmi Note 12,短信营业厅,闲时流量|视频通话|语音优惠,满意,低风险,11,19
CM000254,学生群体,女,14,山西,大同,32,55.49,62.9,91,5G智享套餐,Redmi Note 12,网上营业厅,假期短号|夜间流量|校园流量包,满意,中低风险,12,3
CM000255,学生群体,男,21,浙江,嘉兴,189,38.85,66.9,80,动感地带18元,iPhone 15 Pro,10086热线,假期短号|夜间流量|校园流量包,一般,中风险,22,38
CM000256,银发一族,女,67,吉林,吉林,150,34.14,3.7,388,全球通288元,三星S24,营业厅,大字版APP|紧急呼叫|防诈提醒,不满意,低风险,5,18
CM000257,潮流青年,男,23,甘肃,天水,47,114.79,106.6,204,全球通88元,Redmi Note 12,网上营业厅,社交免流|音乐畅听|流量不限量,一般,中高风险,15,10
CM000258,家庭用户,女,42,江西,赣州,109,106.92,25.0,650,动感地带18元,iPhone SE,APP,儿童手表|家庭共享套餐|智能家居,一般,中低风险,25,1
CM000259,潮流青年,女,18,河南,郑州,40,62.26,90.6,80,全球通388元,华为畅享,营业厅,社交免流|视频会员|音乐畅听,一般,高风险,18,49
CM000260,潮流青年,女,23,海南,海口,179,58.64,72.1,56,移动大流量卡,华为Mate 60,APP,音乐畅听|社交免流|视频会员,满意,低风险,2,1
CM000261,商务精英,男,45,四川,宜宾,51,541.16,64.0,492,和家庭168,iPhone 15 Pro,网上营业厅,商务彩铃|云存储|国际漫游,非常满意,中低风险,21,34
CM000262,蓝领工人,男,49,内蒙古,呼和浩特,15,58.71,23.7,350,动感地带18元,iPhone 14,短信营业厅,老乡号码|闲时流量|视频通话,一般,低风险,6,109
CM000263,学生群体,男,15,吉林,长春,177,39.18,72.3,142,全球通288元,荣耀Magic6,短信营业厅,夜间流量|学习APP免流|校园流量包,一般,中高风险,10,9
CM000264,家庭用户,男,34,青海,海东,55,225.72,25.2,555,全球通88元,vivo X100,营业厅,亲情号码|智能家居|儿童手表,一般,中风险,5,0
CM000265,潮流青年,男,25,广西,北海,147,63.89,76.9,113,神州行38元,小米13,网上营业厅,视频会员|流量不限量|音乐畅听,非常满意,中低风险,31,34
CM000266,潮流青年,男,22,天津,南开区,120,45.59,139.8,229,全球通288元,华为P60,营业厅,视频会员|流量不限量|社交免流,满意,低风险,15,21
CM000267,家庭用户,男,45,广东,佛山,98,144.73,26.7,317,和家庭168,iPhone 15 Pro,营业厅,智能家居|家庭共享套餐|宽带融合,不满意,中低风险,5,10
CM000268,银发一族,女,77,山东,潍坊,140,20.29,3.5,465,全球通128元,华为Mate 60,微信公众号,语音畅聊包|健康监测|大字版APP,非常不满意,低风险,10,78
CM000269,商务精英,女,41,山西,大同,60,497.17,91.0,1984,移动畅享套餐,OPPO Find X6,网上营业厅,企业VPN|云存储|国际漫游,满意,中高风险,13,23
CM000270,银发一族,女,61,江苏,苏州,127,40.2,3.9,394,全球通188元,realme GT5,营业厅,大字版APP|防诈提醒|语音畅聊包,满意,中低风险,7,66
CM000271,蓝领工人,女,38,湖南,岳阳,2,83.73,14.1,505,全球通88元,华为Mate 60,微信公众号,视频通话|老乡号码|语音优惠,非常满意,中低风险,16,79
CM000272,家庭用户,男,31,福建,莆田,195,119.71,14.7,734,全球通188元,小米13,APP,亲情号码|家庭共享套餐|智能家居,不满意,高风险,13,78
CM000273,蓝领工人,男,35,贵州,遵义,65,63.78,20.7,207,动感地带18元,Redmi Note 12,微信公众号,老乡号码|闲时流量|务工套餐,满意,中低风险,12,0
CM000274,学生群体,女,19,福建,泉州,190,40.15,34.8,118,移动大流量卡,华为Mate 60,短信营业厅,夜间流量|兼职通话|假期短号,一般,中高风险,1,23
CM000275,潮流青年,女,18,江西,景德镇,35,88.01,143.6,106,神州行38元,Redmi Note 12,短信营业厅,流量不限量|视频会员|游戏加速,一般,中高风险,11,31
CM000276,潮流青年,女,20,广东,广州,106,44.02,93.7,117,动感地带校园版,荣耀Magic6,10086热线,音乐畅听|社交免流|游戏加速,满意,低风险,19,108
CM000277,家庭用户,女,46,宁夏,吴忠,185,144.27,40.6,226,5G智享套餐,小米13,微信公众号,儿童手表|宽带融合|家庭共享套餐,非常满意,低风险,19,1
CM000278,商务精英,男,51,北京,丰台区,154,492.87,64.6,927,移动大流量卡,荣耀Magic6,网上营业厅,国际漫游|5G极速套餐|企业VPN,一般,中低风险,14,107
CM000279,家庭用户,女,37,天津,河西区,136,198.14,60.0,320,全球通188元,vivo X100,短信营业厅,儿童手表|亲情号码|智能家居,一般,中高风险,1,56
CM000280,商务精英,女,39,辽宁,锦州,48,307.61,62.1,316,全球通188元,小米13,微信公众号,5G极速套餐|商务彩铃|企业VPN,非常满意,中低风险,9,71
CM000281,蓝领工人,女,31,内蒙古,鄂尔多斯,38,73.51,23.7,278,和家庭198,小米13,APP,语音优惠|老乡号码|闲时流量,非常满意,高风险,6,42
CM000282,蓝领工人,男,25,贵州,毕节,134,64.94,26.1,297,神州行孝心卡,iPhone 15 Pro,APP,语音优惠|闲时流量|视频通话,不满意,低风险,24,58
CM000283,商务精英,男,53,内蒙古,鄂尔多斯,89,192.63,52.4,799,全球通128元,华为畅享,微信公众号,企业VPN|商务彩铃|国际漫游,一般,低风险,22,9
CM000284,商务精英,男,43,湖北,襄阳,214,329.53,36.6,1076,5G融合套餐299,Redmi Note 12,营业厅,云存储|国际漫游|企业VPN,不满意,中高风险,20,23
CM000285,商务精英,女,34,天津,河北区,210,413.0,27.0,699,全球通288元,小米13,微信公众号,商务彩铃|云存储|企业VPN,满意,中高风险,19,23
CM000286,商务精英,男,35,浙江,温州,89,155.98,53.6,1139,5G融合套餐299,iPhone 14,营业厅,5G极速套餐|云存储|国际漫游,一般,中高风险,11,6
CM000287,家庭用户,女,39,云南,玉溪,138,146.82,16.5,245,全球通288元,iPhone SE,微信公众号,亲情号码|智能家居|儿童手表,非常不满意,中高风险,15,130
CM000288,银发一族,男,65,青海,德令哈,130,56.45,0.8,595,全球通88元,小米13,营业厅,健康监测|紧急呼叫|大字版APP,一般,低风险,15,18
CM000289,潮流青年,女,24,福建,漳州,155,48.99,78.8,255,全球通128元,荣耀Magic6,营业厅,社交免流|视频会员|音乐畅听,满意,中低风险,12,35
CM000290,商务精英,女,49,宁夏,固原,112,499.15,41.6,1766,神州行孝心卡,小米14,微信公众号,商务彩铃|企业VPN|国际漫游,一般,中低风险,6,32
CM000291,潮流青年,女,27,山东,临沂,99,88.06,82.0,257,动感地带18元,荣耀Magic6,短信营业厅,视频会员|音乐畅听|社交免流,满意,中风险,20,26
CM000292,家庭用户,女,43,河南,洛阳,200,197.61,25.0,600,5G融合套餐299,华为P60,10086热线,亲情号码|宽带融合|家庭共享套餐,非常满意,高风险,4,15
CM000293,潮流青年,女,26,黑龙江,哈尔滨,32,79.33,142.6,80,移动大流量卡,三星S24,10086热线,游戏加速|视频会员|流量不限量,一般,中低风险,11,15
CM000294,银发一族,男,76,湖南,株洲,215,40.77,3.0,352,全球通188元,realme GT5,微信公众号,紧急呼叫|健康监测|防诈提醒,满意,低风险,17,0
CM000295,潮流青年,男,22,陕西,宝鸡,233,82.99,77.8,151,移动大流量卡,三星S24,网上营业厅,社交免流|视频会员|音乐畅听,一般,低风险,1,78
CM000296,银发一族,女,80,青海,德令哈,105,54.79,1.0,131,和家庭168,小米13,APP,语音畅聊包|防诈提醒|紧急呼叫,满意,低风险,14,23
CM000297,潮流青年,女,24,宁夏,吴忠,12,92.62,79.7,94,动感地带校园版,Redmi Note 12,10086热线,社交免流|音乐畅听|流量不限量,不满意,中低风险,19,20
CM000298,学生群体,女,18,云南,曲靖,13,24.68,52.4,52,5G融合套餐299,华为P60,10086热线,学习APP免流|夜间流量|兼职通话,满意,中低风险,28,27
CM000299,潮流青年,男,24,湖南,株洲,218,78.4,118.4,130,全球通128元,realme GT5,营业厅,游戏加速|视频会员|社交免流,一般,低风险,16,36
CM000300,学生群体,男,13,福建,厦门,172,54.51,50.2,111,动感地带校园版,vivo X100,微信公众号,夜间流量|兼职通话|校园流量包,一般,低风险,5,38
CM000301,潮流青年,女,17,宁夏,中卫,188,66.15,100.6,143,全球通188元,荣耀Magic6,营业厅,视频会员|音乐畅听|社交免流,一般,低风险,21,21
CM000302,银发一族,女,74,湖北,宜昌,24,34.96,2.1,330,动感地带校园版,iPhone 15 Pro,10086热线,健康监测|语音畅聊包|紧急呼叫,满意,中低风险,8,1
CM000303,商务精英,男,51,辽宁,大连,25,364.68,80.4,1758,5G智享套餐,iPhone SE,短信营业厅,云存储|5G极速套餐|商务彩铃,不满意,中高风险,21,2
CM000304,银发一族,女,58,重庆,南岸区,83,43.77,4.0,176,全球通288元,iPhone SE,网上营业厅,大字版APP|语音畅聊包|健康监测,满意,低风险,16,11
CM000305,商务精英,男,46,河南,郑州,239,539.58,77.4,762,移动大流量卡,小米14,网上营业厅,国际漫游|企业VPN|5G极速套餐,满意,中风险,27,58
CM000306,家庭用户,女,49,福建,漳州,220,139.47,42.5,283,全球通188元,iPhone SE,短信营业厅,宽带融合|儿童手表|亲情号码,一般,低风险,10,18
CM000307,潮流青年,男,20,广西,北海,202,99.9,69.1,165,全球通288元,华为Mate 60,营业厅,游戏加速|流量不限量|音乐畅听,满意,中低风险,21,12
CM000308,商务精英,女,47,上海,徐汇区,67,386.55,72.6,1073,全球通188元,华为P60,网上营业厅,企业VPN|国际漫游|云存储,一般,中风险,19,1
CM000309,商务精英,男,44,海南,琼海,201,439.95,32.6,1676,全球通128元,iPhone SE,10086热线,商务彩铃|国际漫游|云存储,一般,低风险,28,3
CM000310,家庭用户,女,41,福建,漳州,54,182.92,10.5,281,动感地带18元,华为P60,短信营业厅,儿童手表|智能家居|家庭共享套餐,满意,中风险,4,105
CM000311,家庭用户,男,31,海南,海口,196,94.38,17.8,702,移动大流量卡,小米14,营业厅,亲情号码|儿童手表|智能家居,一般,中低风险,1,126
CM000312,潮流青年,男,18,山东,临沂,104,105.68,138.0,150,全球通88元,OPPO Find X6,网上营业厅,视频会员|音乐畅听|流量不限量,满意,中低风险,9,37
CM000313,家庭用户,女,43,天津,河西区,111,234.91,36.1,209,和家庭198,小米14,10086热线,宽带融合|家庭共享套餐|儿童手表,满意,中风险,21,33
CM000314,潮流青年,女,21,北京,海淀区,93,124.9,132.6,221,全球通88元,iPhone 15 Pro,10086热线,音乐畅听|流量不限量|视频会员,一般,中低风险,21,10
CM000315,蓝领工人,女,38,广西,桂林,172,94.44,31.9,253,移动大流量卡,三星S24,APP,老乡号码|务工套餐|语音优惠,非常满意,中风险,36,29
CM000316,家庭用户,女,38,山东,济南,91,234.12,34.3,327,神州行孝心卡,iPhone SE,10086热线,智能家居|宽带融合|儿童手表,不满意,中高风险,7,57
CM000317,蓝领工人,男,43,甘肃,兰州,210,64.81,29.8,209,5G融合套餐299,华为畅享,短信营业厅,闲时流量|视频通话|务工套餐,满意,中高风险,7,8
CM000318,家庭用户,男,41,广东,深圳,204,144.66,33.0,777,全球通88元,三星S24,APP,智能家居|家庭共享套餐|宽带融合,非常不满意,中低风险,5,18
CM000319,潮流青年,男,24,广西,南宁,226,78.11,77.0,83,全球通388元,小米13,营业厅,视频会员|游戏加速|社交免流,满意,中低风险,16,8
CM000320,银发一族,男,63,湖南,湘潭,223,51.42,4.2,586,和家庭198,三星S24,APP,语音畅聊包|健康监测|防诈提醒,一般,中低风险,11,65
CM000321,商务精英,男,55,重庆,南岸区,201,197.84,59.2,1253,和家庭168,vivo X100,营业厅,云存储|企业VPN|国际漫游,满意,中低风险,20,5
CM000322,学生群体,男,18,海南,文昌,97,33.15,69.2,101,全球通388元,vivo X100,APP,兼职通话|假期短号|学习APP免流,不满意,中风险,27,3
CM000323,商务精英,男,55,山西,大同,239,381.13,93.0,1705,移动大流量卡,小米14,网上营业厅,国际漫游|企业VPN|5G极速套餐,满意,中低风险,15,44
CM000324,家庭用户,女,44,吉林,四平,25,170.89,36.2,628,5G智享套餐,realme GT5,微信公众号,家庭共享套餐|亲情号码|儿童手表,满意,高风险,13,139
CM000325,蓝领工人,女,35,浙江,杭州,126,88.39,26.9,299,全球通288元,iPhone 15 Pro,微信公众号,语音优惠|闲时流量|务工套餐,满意,中低风险,17,19
CM000326,家庭用户,女,42,贵州,贵阳,138,214.16,39.9,796,动感地带校园版,Redmi Note 12,微信公众号,家庭共享套餐|智能家居|宽带融合,一般,低风险,1,0
CM000327,学生群体,男,19,辽宁,鞍山,171,23.77,24.1,52,和家庭198,华为P60,营业厅,夜间流量|假期短号|兼职通话,满意,低风险,19,66
CM000328,家庭用户,女,43,辽宁,鞍山,100,215.3,17.1,597,全球通188元,小米14,网上营业厅,亲情号码|儿童手表|宽带融合,一般,中低风险,18,38
CM000329,蓝领工人,女,33,陕西,西安,41,77.49,18.4,596,全球通188元,华为Mate 60,APP,语音优惠|老乡号码|务工套餐,非常满意,中高风险,19,4
CM000330,潮流青年,女,17,甘肃,白银,106,111.29,75.7,157,全球通188元,Redmi Note 12,微信公众号,音乐畅听|视频会员|流量不限量,非常满意,中低风险,12,2
CM000331,银发一族,男,72,新疆,伊犁,151,40.95,3.3,491,动感地带校园版,iPhone SE,APP,大字版APP|语音畅聊包|健康监测,满意,低风险,12,3
CM000332,家庭用户,男,48,西藏,山南,26,149.4,51.7,648,移动畅享套餐,OPPO Find X6,APP,儿童手表|家庭共享套餐|智能家居,不满意,高风险,8,14
CM000333,家庭用户,女,38,河南,洛阳,68,126.04,41.4,731,神州行38元,iPhone 14,网上营业厅,家庭共享套餐|亲情号码|宽带融合,满意,中低风险,21,85
CM000334,家庭用户,男,35,河南,郑州,91,224.76,25.1,250,神州行38元,iPhone SE,短信营业厅,儿童手表|家庭共享套餐|亲情号码,不满意,中风险,18,40
CM000335,学生群体,女,14,河南,南阳,174,53.47,78.7,98,全球通288元,realme GT5,网上营业厅,兼职通话|校园流量包|学习APP免流,满意,低风险,6,35
CM000336,学生群体,女,22,天津,和平区,217,52.77,37.6,109,神州行38元,荣耀Magic6,营业厅,假期短号|夜间流量|学习APP免流,满意,高风险,18,91
CM000337,学生群体,女,17,江西,南昌,28,52.93,75.0,34,5G融合套餐299,小米14,微信公众号,学习APP免流|兼职通话|假期短号,满意,中风险,11,8
CM000338,家庭用户,男,47,四川,宜宾,82,157.16,13.6,381,移动畅享套餐,小米13,短信营业厅,儿童手表|宽带融合|家庭共享套餐,非常不满意,中高风险,15,29
CM000339,商务精英,男,32,天津,河西区,197,476.55,53.6,1723,全球通188元,vivo X100,微信公众号,云存储|5G极速套餐|商务彩铃,一般,低风险,4,22
CM000340,商务精英,女,35,贵州,毕节,80,522.8,94.9,611,全球通128元,OPPO Find X6,10086热线,商务彩铃|国际漫游|云存储,非常满意,中风险,4,60
CM000341,家庭用户,男,32,吉林,通化,130,229.68,38.0,580,5G融合套餐299,iPhone SE,营业厅,宽带融合|亲情号码|家庭共享套餐,非常不满意,低风险,29,44
CM000342,银发一族,女,80,辽宁,锦州,71,54.21,0.9,544,神州行38元,荣耀Magic6,微信公众号,健康监测|紧急呼叫|语音畅聊包,满意,中风险,16,105
CM000343,家庭用户,女,44,西藏,山南,199,177.46,30.0,211,5G融合套餐299,荣耀Magic6,营业厅,亲情号码|智能家居|儿童手表,一般,中高风险,14,13
CM000344,商务精英,男,37,浙江,宁波,32,262.7,34.0,574,和家庭198,OPPO Find X6,10086热线,国际漫游|云存储|5G极速套餐,满意,中低风险,20,51
CM000345,商务精英,男,43,福建,厦门,215,153.54,28.5,309,5G融合套餐299,华为Mate 60,网上营业厅,企业VPN|国际漫游|5G极速套餐,不满意,中高风险,25,8
CM000346,商务精英,女,48,甘肃,酒泉,163,290.11,42.5,1156,全球通288元,vivo X100,10086热线,企业VPN|国际漫游|5G极速套餐,满意,中低风险,9,0
CM000347,潮流青年,女,17,江苏,苏州,6,120.28,129.0,83,和家庭198,iPhone 15 Pro,短信营业厅,游戏加速|流量不限量|社交免流,不满意,中高风险,20,28
CM000348,潮流青年,女,19,四川,成都,90,86.83,85.6,236,全球通288元,华为Mate 60,短信营业厅,视频会员|流量不限量|音乐畅听,一般,中高风险,24,17
CM000349,潮流青年,女,27,云南,大理,232,125.16,129.8,218,全球通388元,小米14,网上营业厅,视频会员|社交免流|游戏加速,非常满意,高风险,16,70
CM000350,潮流青年,女,27,陕西,咸阳,54,92.39,101.4,185,移动畅享套餐,华为Mate 60,网上营业厅,音乐畅听|流量不限量|社交免流,非常满意,中低风险,28,15
CM000351,潮流青年,女,28,浙江,绍兴,213,59.62,103.3,53,全球通388元,realme GT5,微信公众号,音乐畅听|视频会员|游戏加速,满意,中高风险,9,63
CM000352,学生群体,男,17,吉林,延边,186,41.34,42.9,77,动感地带18元,iPhone SE,10086热线,兼职通话|校园流量包|学习APP免流,一般,中风险,10,10
CM000353,银发一族,男,61,云南,大理,93,54.37,4.8,397,全球通188元,iPhone SE,微信公众号,防诈提醒|大字版APP|语音畅聊包,满意,中低风险,19,39
CM000354,银发一族,男,68,青海,玉树,1,41.21,1.4,583,神州行38元,iPhone 14,营业厅,健康监测|紧急呼叫|语音畅聊包,非常不满意,中风险,26,13
CM000355,家庭用户,男,37,新疆,乌鲁木齐,58,92.82,36.7,547,5G融合套餐299,华为P60,10086热线,儿童手表|宽带融合|亲情号码,不满意,中低风险,11,2
CM000356,潮流青年,男,16,云南,昆明,193,52.02,71.1,241,全球通88元,realme GT5,营业厅,游戏加速|社交免流|视频会员,不满意,中低风险,3,7
CM000357,家庭用户,男,49,江苏,苏州,91,234.2,35.9,501,和家庭198,华为P60,营业厅,家庭共享套餐|儿童手表|亲情号码,一般,中低风险,21,24
CM000358,潮流青年,男,16,湖北,襄阳,112,112.57,80.5,218,全球通288元,realme GT5,APP,流量不限量|社交免流|视频会员,不满意,低风险,8,1
CM000359,家庭用户,男,43,江西,景德镇,64,139.54,32.5,491,移动大流量卡,荣耀Magic6,网上营业厅,亲情号码|儿童手表|宽带融合,不满意,中风险,22,17
CM000360,家庭用户,女,44,江西,景德镇,199,169.13,38.0,382,和家庭168,三星S24,10086热线,宽带融合|亲情号码|智能家居,不满意,中风险,11,12
CM000361,蓝领工人,男,33,宁夏,吴忠,114,83.76,22.4,354,动感地带校园版,小米13,短信营业厅,语音优惠|闲时流量|老乡号码,满意,中低风险,5,23
CM000362,蓝领工人,男,43,吉林,吉林,184,87.84,27.4,453,全球通288元,realme GT5,网上营业厅,老乡号码|闲时流量|视频通话,满意,中低风险,4,17
CM000363,学生群体,女,17,湖北,黄石,97,33.11,29.3,44,全球通188元,华为Mate 60,营业厅,学习APP免流|校园流量包|兼职通话,不满意,中风险,14,3
CM000364,蓝领工人,女,42,陕西,西安,67,97.06,14.1,384,全球通88元,小米13,网上营业厅,老乡号码|语音优惠|闲时流量,满意,中风险,8,41
CM000365,蓝领工人,女,29,青海,海东,112,66.95,37.9,586,神州行38元,华为畅享,短信营业厅,务工套餐|老乡号码|语音优惠,满意,中低风险,8,37
CM000366,潮流青年,男,19,内蒙古,呼和浩特,33,121.8,67.8,72,全球通188元,iPhone SE,短信营业厅,社交免流|流量不限量|游戏加速,一般,中低风险,4,15
CM000367,银发一族,女,62,湖北,黄石,217,50.91,1.7,509,移动大流量卡,小米14,微信公众号,紧急呼叫|防诈提醒|健康监测,非常满意,中高风险,12,78
CM000368,银发一族,女,77,吉林,延边,54,22.59,4.4,547,5G智享套餐,华为P60,短信营业厅,防诈提醒|语音畅聊包|大字版APP,一般,中高风险,27,17
CM000369,学生群体,女,20,广西,玉林,36,44.07,63.0,76,全球通388元,realme GT5,营业厅,假期短号|学习APP免流|夜间流量,满意,中风险,20,14
CM000370,商务精英,女,34,湖南,长沙,65,552.8,49.5,1197,移动大流量卡,vivo X100,10086热线,5G极速套餐|云存储|企业VPN,满意,中低风险,24,22
CM000371,商务精英,男,43,广西,玉林,84,346.89,58.0,1052,全球通88元,iPhone 14,短信营业厅,商务彩铃|企业VPN|国际漫游,非常满意,低风险,11,84
CM000372,家庭用户,女,32,吉林,长春,128,129.73,50.1,554,全球通388元,iPhone 14,APP,儿童手表|亲情号码|宽带融合,非常不满意,低风险,24,28
CM000373,商务精英,男,40,山东,潍坊,113,132.74,86.9,587,全球通288元,iPhone SE,短信营业厅,商务彩铃|国际漫游|云存储,一般,高风险,26,10
CM000374,潮流青年,男,27,四川,宜宾,124,72.93,39.6,134,5G融合套餐299,华为Mate 60,10086热线,社交免流|流量不限量|音乐畅听,一般,中风险,15,6
CM000375,学生群体,男,22,上海,浦东新区,97,45.96,75.6,91,5G智享套餐,iPhone 14,营业厅,假期短号|兼职通话|夜间流量,一般,高风险,28,0
CM000376,潮流青年,男,17,吉林,吉林,240,68.65,72.7,252,全球通188元,realme GT5,微信公众号,音乐畅听|社交免流|流量不限量,一般,高风险,3,7
CM000377,银发一族,女,67,河南,郑州,151,20.62,4.2,420,全球通388元,iPhone SE,网上营业厅,紧急呼叫|语音畅聊包|防诈提醒,非常满意,中低风险,18,36
CM000378,家庭用户,女,36,吉林,吉林,30,138.43,35.1,424,全球通188元,Redmi Note 12,营业厅,亲情号码|智能家居|儿童手表,满意,低风险,20,43
CM000379,商务精英,男,36,海南,琼海,196,250.42,63.6,811,5G智享套餐,vivo X100,短信营业厅,国际漫游|5G极速套餐|企业VPN,满意,低风险,7,15
CM000380,商务精英,女,39,广东,珠海,100,512.13,39.2,815,全球通128元,vivo X100,10086热线,企业VPN|国际漫游|云存储,非常满意,低风险,15,13
CM000381,蓝领工人,女,28,甘肃,天水,29,54.37,11.9,201,全球通188元,vivo X100,APP,语音优惠|视频通话|闲时流量,非常满意,低风险,22,6
CM000382,银发一族,男,75,辽宁,锦州,162,44.8,1.6,285,和家庭168,iPhone SE,10086热线,健康监测|大字版APP|紧急呼叫,非常不满意,中风险,14,24
CM000383,家庭用户,女,50,天津,河北区,10,116.41,27.1,229,移动大流量卡,iPhone 15 Pro,10086热线,家庭共享套餐|宽带融合|儿童手表,一般,中低风险,7,14
CM000384,蓝领工人,女,42,四川,南充,133,57.66,19.9,314,5G融合套餐299,三星S24,短信营业厅,语音优惠|务工套餐|老乡号码,一般,中风险,22,59
CM000385,银发一族,男,59,湖北,荆州,224,51.17,1.9,210,和家庭198,小米13,10086热线,健康监测|紧急呼叫|大字版APP,非常满意,中风险,20,40
CM000386,潮流青年,男,18,福建,漳州,174,105.78,78.4,213,移动大流量卡,realme GT5,网上营业厅,音乐畅听|视频会员|游戏加速,满意,中低风险,15,12
CM000387,蓝领工人,男,29,河南,开封,73,40.93,35.7,407,全球通128元,华为Mate 60,短信营业厅,语音优惠|务工套餐|视频通话,不满意,中风险,10,3
CM000388,商务精英,男,39,重庆,渝中区,135,470.49,63.6,1505,神州行38元,小米13,营业厅,企业VPN|国际漫游|商务彩铃,一般,中低风险,19,0
CM000389,学生群体,女,19,新疆,乌鲁木齐,126,49.99,35.4,140,5G融合套餐299,vivo X100,网上营业厅,校园流量包|学习APP免流|假期短号,一般,中低风险,15,98
CM000390,银发一族,男,71,上海,静安区,162,50.99,3.2,225,移动大流量卡,iPhone 14,10086热线,紧急呼叫|健康监测|大字版APP,一般,中风险,10,25
CM000391,家庭用户,女,37,天津,河西区,38,100.98,57.1,304,移动畅享套餐,iPhone 14,网上营业厅,儿童手表|家庭共享套餐|智能家居,一般,低风险,17,25
CM000392,家庭用户,女,33,江苏,南通,92,154.24,50.8,317,全球通88元,vivo X100,10086热线,智能家居|家庭共享套餐|亲情号码,一般,中风险,8,21
CM000393,商务精英,男,31,广东,珠海,183,288.07,28.1,1432,神州行孝心卡,iPhone SE,APP,云存储|国际漫游|5G极速套餐,满意,中高风险,17,50
CM000394,商务精英,女,36,广东,广州,23,253.45,74.7,869,动感地带校园版,华为畅享,短信营业厅,云存储|商务彩铃|企业VPN,一般,低风险,22,7
CM000395,潮流青年,女,22,内蒙古,鄂尔多斯,175,121.19,134.8,176,神州行孝心卡,OPPO Find X6,APP,社交免流|流量不限量|音乐畅听,一般,低风险,22,13
CM000396,银发一族,女,78,山东,潍坊,2,30.66,4.1,286,移动大流量卡,iPhone 15 Pro,营业厅,紧急呼叫|防诈提醒|大字版APP,满意,高风险,36,0
CM000397,潮流青年,男,27,重庆,九龙坡区,216,111.25,30.8,167,和家庭168,小米14,网上营业厅,流量不限量|音乐畅听|视频会员,不满意,低风险,17,22
CM000398,学生群体,女,19,福建,泉州,214,21.25,29.3,23,5G智享套餐,vivo X100,短信营业厅,学习APP免流|校园流量包|假期短号,一般,中低风险,12,19
CM000399,家庭用户,男,48,西藏,林芝,240,118.03,45.5,356,全球通288元,iPhone 14,10086热线,智能家居|亲情号码|宽带融合,一般,低风险,33,21
CM000400,潮流青年,女,22,山东,济南,45,88.23,119.3,150,移动畅享套餐,华为畅享,营业厅,社交免流|流量不限量|视频会员,满意,低风险,17,60
CM000401,商务精英,男,35,黑龙江,哈尔滨,105,518.7,64.3,1326,神州行孝心卡,华为畅享,APP,5G极速套餐|企业VPN|国际漫游,非常满意,中高风险,7,19
CM000402,商务精英,男,47,贵州,遵义,105,426.84,23.1,1022,5G智享套餐,Redmi Note 12,短信营业厅,云存储|企业VPN|国际漫游,满意,中低风险,25,14
CM000403,商务精英,男,54,河南,洛阳,233,497.23,86.5,927,5G融合套餐299,小米14,APP,5G极速套餐|国际漫游|云存储,满意,中低风险,17,3
CM000404,潮流青年,女,18,青海,德令哈,150,80.98,80.3,153,5G智享套餐,华为P60,网上营业厅,游戏加速|流量不限量|视频会员,不满意,高风险,18,3
CM000405,家庭用户,女,32,内蒙古,呼和浩特,34,112.13,35.7,598,移动大流量卡,vivo X100,短信营业厅,家庭共享套餐|儿童手表|亲情号码,不满意,低风险,16,24
CM000406,商务精英,男,48,湖北,宜昌,68,426.43,47.5,1681,全球通88元,小米14,微信公众号,企业VPN|商务彩铃|5G极速套餐,不满意,低风险,5,36
CM000407,学生群体,男,15,贵州,六盘水,157,46.91,75.1,68,全球通128元,Redmi Note 12,微信公众号,兼职通话|学习APP免流|夜间流量,非常满意,中低风险,6,0
CM000408,家庭用户,女,33,西藏,山南,211,100.78,44.8,206,全球通188元,荣耀Magic6,10086热线,智能家居|亲情号码|儿童手表,满意,低风险,14,77
CM000409,潮流青年,女,25,青海,玉树,104,72.41,79.5,66,5G智享套餐,Redmi Note 12,微信公众号,流量不限量|音乐畅听|游戏加速,非常满意,高风险,1,10
CM000410,潮流青年,女,23,河南,洛阳,161,98.31,96.2,158,和家庭168,realme GT5,短信营业厅,流量不限量|社交免流|音乐畅听,满意,中高风险,8,15
CM000411,学生群体,女,17,广东,深圳,144,35.94,42.5,49,全球通88元,华为Mate 60,短信营业厅,假期短号|校园流量包|夜间流量,满意,低风险,5,15
CM000412,潮流青年,女,22,黑龙江,齐齐哈尔,228,121.01,119.5,291,移动畅享套餐,iPhone 15 Pro,网上营业厅,视频会员|游戏加速|音乐畅听,一般,高风险,5,27
CM000413,银发一族,女,75,山东,济南,192,53.24,4.9,561,全球通88元,荣耀Magic6,微信公众号,大字版APP|紧急呼叫|健康监测,一般,低风险,5,22
CM000414,银发一族,女,58,重庆,渝中区,237,29.56,3.3,218,和家庭168,iPhone 15 Pro,短信营业厅,大字版APP|健康监测|紧急呼叫,一般,中高风险,7,33
CM000415,家庭用户,女,33,浙江,杭州,202,167.37,57.7,333,神州行孝心卡,荣耀Magic6,网上营业厅,智能家居|家庭共享套餐|宽带融合,满意,低风险,13,6
CM000416,潮流青年,女,17,浙江,嘉兴,132,54.37,58.4,271,神州行38元,vivo X100,微信公众号,音乐畅听|游戏加速|视频会员,一般,中风险,7,79
CM000417,潮流青年,男,26,北京,朝阳区,4,124.49,143.6,222,全球通88元,三星S24,短信营业厅,游戏加速|社交免流|视频会员,不满意,高风险,26,7
CM000418,商务精英,女,31,青海,格尔木,125,376.84,56.2,1948,全球通188元,iPhone SE,营业厅,企业VPN|云存储|国际漫游,一般,中低风险,14,0
CM000419,家庭用户,女,39,贵州,毕节,205,218.86,26.1,684,5G融合套餐299,iPhone SE,APP,亲情号码|智能家居|儿童手表,满意,中低风险,8,20
CM000420,商务精英,女,43,河北,唐山,34,137.1,47.2,1765,移动畅享套餐,realme GT5,微信公众号,商务彩铃|企业VPN|5G极速套餐,不满意,中风险,24,15
CM000421,潮流青年,女,24,新疆,喀什,123,116.45,81.5,74,神州行38元,华为P60,APP,视频会员|社交免流|流量不限量,满意,中风险,21,28
CM000422,商务精英,男,38,福建,福州,79,281.12,63.6,441,神州行孝心卡,华为P60,营业厅,云存储|商务彩铃|国际漫游,满意,中低风险,7,2
CM000423,家庭用户,男,34,吉林,长春,153,147.01,49.5,561,全球通88元,华为P60,营业厅,宽带融合|家庭共享套餐|亲情号码,一般,高风险,18,2
CM000424,潮流青年,男,21,贵州,安顺,159,62.4,50.5,114,全球通188元,iPhone SE,APP,视频会员|社交免流|音乐畅听,不满意,中风险,7,18
CM000425,商务精英,女,50,青海,德令哈,138,509.41,39.1,1388,5G智享套餐,OPPO Find X6,APP,云存储|企业VPN|5G极速套餐,一般,中高风险,14,0
CM000426,蓝领工人,男,35,海南,文昌,139,60.52,17.1,386,动感地带18元,小米13,10086热线,视频通话|闲时流量|务工套餐,非常不满意,中低风险,15,8
CM000427,学生群体,男,13,内蒙古,呼和浩特,58,55.46,26.5,22,全球通128元,荣耀Magic6,微信公众号,校园流量包|假期短号|夜间流量,一般,低风险,21,8
CM000428,银发一族,女,80,天津,和平区,190,24.17,4.9,581,全球通128元,vivo X100,营业厅,大字版APP|防诈提醒|语音畅聊包,一般,低风险,12,97
CM000429,家庭用户,女,32,内蒙古,包头,156,99.96,24.5,596,移动畅享套餐,荣耀Magic6,网上营业厅,儿童手表|宽带融合|亲情号码,非常满意,高风险,21,7
CM000430,家庭用户,女,50,重庆,渝中区,188,149.02,28.0,662,5G智享套餐,Redmi Note 12,APP,智能家居|亲情号码|家庭共享套餐,满意,中低风险,16,2
CM000431,蓝领工人,女,22,黑龙江,牡丹江,39,78.62,14.1,416,动感地带校园版,华为畅享,10086热线,语音优惠|务工套餐|视频通话,一般,中低风险,23,12
CM000432,蓝领工人,男,39,西藏,昌都,13,44.55,24.8,317,全球通88元,iPhone 14,短信营业厅,闲时流量|务工套餐|老乡号码,满意,低风险,24,23
CM000433,学生群体,女,21,甘肃,张掖,63,47.09,59.8,42,全球通288元,vivo X100,短信营业厅,学习APP免流|校园流量包|兼职通话,满意,低风险,15,15
CM000434,学生群体,男,16,内蒙古,鄂尔多斯,136,32.61,51.0,45,全球通88元,华为畅享,APP,夜间流量|假期短号|学习APP免流,满意,中低风险,24,36
CM000435,银发一族,男,63,重庆,渝中区,197,29.75,4.4,558,5G融合套餐299,vivo X100,营业厅,防诈提醒|大字版APP|健康监测,满意,低风险,10,9
CM000436,银发一族,男,68,安徽,芜湖,97,39.77,1.0,413,神州行38元,Redmi Note 12,10086热线,大字版APP|紧急呼叫|防诈提醒,不满意,中低风险,14,46
CM000437,潮流青年,女,21,广西,桂林,204,100.97,76.1,187,神州行38元,华为畅享,微信公众号,流量不限量|视频会员|音乐畅听,不满意,中高风险,17,4
CM000438,家庭用户,女,33,山东,临沂,86,132.98,13.1,761,神州行孝心卡,iPhone SE,营业厅,家庭共享套餐|儿童手表|亲情号码,满意,低风险,31,13
CM000439,潮流青年,女,26,海南,琼海,98,96.15,96.3,168,全球通128元,华为畅享,短信营业厅,游戏加速|视频会员|社交免流,不满意,中高风险,6,26
CM000440,银发一族,男,60,河北,邯郸,181,26.52,3.9,165,神州行38元,Redmi Note 12,微信公众号,健康监测|紧急呼叫|大字版APP,一般,中高风险,22,31
CM000441,蓝领工人,女,33,安徽,马鞍山,188,44.56,33.4,455,全球通288元,小米14,APP,语音优惠|老乡号码|视频通话,一般,低风险,25,65
CM000442,蓝领工人,男,38,江西,九江,45,84.25,18.0,547,和家庭168,iPhone 14,APP,语音优惠|务工套餐|视频通话,满意,中风险,16,64
CM000443,学生群体,女,16,山西,阳泉,127,46.46,27.9,108,全球通128元,小米13,网上营业厅,校园流量包|兼职通话|学习APP免流,一般,中高风险,20,10
CM000444,潮流青年,男,21,黑龙江,佳木斯,211,100.6,131.0,283,动感地带校园版,vivo X100,网上营业厅,游戏加速|音乐畅听|视频会员,不满意,中低风险,12,36
CM000445,学生群体,男,12,辽宁,沈阳,233,36.85,29.5,61,移动大流量卡,iPhone 15 Pro,APP,假期短号|校园流量包|学习APP免流,非常不满意,中低风险,6,92
CM000446,学生群体,女,22,内蒙古,鄂尔多斯,211,25.75,37.2,122,全球通188元,iPhone 15 Pro,网上营业厅,假期短号|兼职通话|学习APP免流,一般,中低风险,15,87
CM000447,潮流青年,女,20,江西,南昌,19,85.26,33.7,222,全球通388元,iPhone SE,网上营业厅,游戏加速|视频会员|社交免流,非常不满意,中高风险,1,10
CM000448,家庭用户,男,37,四川,绵阳,220,148.11,18.4,578,移动大流量卡,荣耀Magic6,10086热线,儿童手表|亲情号码|智能家居,满意,中风险,1,1
CM000449,潮流青年,女,17,山东,济南,60,49.64,145.6,242,神州行38元,小米13,微信公众号,游戏加速|社交免流|流量不限量,满意,中高风险,6,3
CM000450,家庭用户,女,35,江西,赣州,67,181.53,54.1,523,移动大流量卡,iPhone SE,营业厅,亲情号码|宽带融合|智能家居,满意,低风险,16,109
CM000451,潮流青年,男,20,内蒙古,鄂尔多斯,77,48.83,70.1,284,神州行孝心卡,小米14,网上营业厅,音乐畅听|社交免流|视频会员,满意,高风险,24,10
CM000452,商务精英,女,52,河南,开封,146,170.81,45.4,1561,5G融合套餐299,荣耀Magic6,营业厅,商务彩铃|云存储|国际漫游,一般,高风险,20,27
CM000453,银发一族,男,60,陕西,渭南,178,49.22,4.7,201,动感地带18元,华为Mate 60,微信公众号,紧急呼叫|大字版APP|健康监测,满意,高风险,31,34
CM000454,蓝领工人,男,22,西藏,林芝,214,73.9,16.9,475,移动畅享套餐,华为Mate 60,APP,务工套餐|闲时流量|老乡号码,满意,中低风险,17,0
CM000455,蓝领工人,女,29,广东,佛山,188,40.2,16.6,220,和家庭198,华为P60,短信营业厅,务工套餐|闲时流量|老乡号码,满意,中风险,14,1
CM000456,商务精英,男,28,海南,琼海,130,208.33,68.5,1794,全球通128元,小米13,网上营业厅,国际漫游|企业VPN|商务彩铃,非常满意,中风险,8,2
CM000457,潮流青年,女,22,江西,九江,212,51.08,64.1,85,5G智享套餐,三星S24,营业厅,流量不限量|音乐畅听|游戏加速,满意,低风险,32,28
CM000458,家庭用户,男,42,黑龙江,哈尔滨,29,190.05,32.0,652,全球通288元,iPhone 14,10086热线,儿童手表|智能家居|家庭共享套餐,满意,低风险,12,170
CM000459,蓝领工人,男,40,山东,济南,13,90.57,24.1,364,全球通88元,iPhone SE,网上营业厅,语音优惠|闲时流量|视频通话,非常满意,中低风险,24,5
CM000460,家庭用户,男,37,甘肃,白银,167,125.01,23.6,278,全球通288元,iPhone 15 Pro,网上营业厅,儿童手表|宽带融合|亲情号码,满意,低风险,12,54
CM000461,潮流青年,男,23,甘肃,兰州,181,112.74,118.6,178,全球通188元,vivo X100,10086热线,游戏加速|流量不限量|社交免流,一般,低风险,17,5
CM000462,银发一族,女,59,湖北,襄阳,82,56.7,3.7,564,动感地带18元,Redmi Note 12,微信公众号,大字版APP|健康监测|语音畅聊包,一般,中风险,19,13
CM000463,潮流青年,女,18,青海,海东,86,45.29,54.8,94,神州行38元,iPhone 14,短信营业厅,视频会员|音乐畅听|游戏加速,一般,低风险,16,13
CM000464,银发一族,女,65,山西,长治,229,33.56,4.2,390,全球通288元,vivo X100,微信公众号,大字版APP|语音畅聊包|紧急呼叫,不满意,中风险,1,45
CM000465,银发一族,男,62,四川,德阳,156,29.87,1.1,266,5G融合套餐299,OPPO Find X6,营业厅,紧急呼叫|语音畅聊包|大字版APP,非常满意,中低风险,12,22
CM000466,学生群体,男,21,广西,北海,124,55.32,48.6,42,移动大流量卡,华为Mate 60,10086热线,兼职通话|校园流量包|学习APP免流,不满意,低风险,15,18
CM000467,潮流青年,女,21,河南,新乡,205,39.26,121.3,52,和家庭198,OPPO Find X6,10086热线,流量不限量|社交免流|游戏加速,一般,中风险,18,39
CM000468,潮流青年,男,21,广东,深圳,120,59.99,128.7,148,移动大流量卡,OPPO Find X6,营业厅,游戏加速|音乐畅听|流量不限量,满意,中风险,5,9
CM000469,蓝领工人,男,30,福建,厦门,156,82.99,20.7,564,神州行孝心卡,华为畅享,微信公众号,语音优惠|老乡号码|视频通话,非常满意,低风险,10,16
CM000470,商务精英,男,39,辽宁,鞍山,183,460.81,22.8,689,动感地带18元,iPhone 15 Pro,微信公众号,国际漫游|云存储|企业VPN,不满意,低风险,8,9
CM000471,学生群体,男,19,内蒙古,赤峰,29,48.42,78.5,76,神州行38元,华为Mate 60,APP,校园流量包|学习APP免流|假期短号,满意,中低风险,26,43
CM000472,潮流青年,女,25,新疆,乌鲁木齐,88,127.51,110.3,262,5G智享套餐,realme GT5,网上营业厅,视频会员|社交免流|流量不限量,非常不满意,中风险,17,13
CM000473,潮流青年,女,28,海南,三亚,55,121.57,33.5,147,全球通128元,Redmi Note 12,营业厅,流量不限量|游戏加速|视频会员,非常满意,中高风险,1,16
CM000474,商务精英,男,35,广西,玉林,206,428.77,72.7,1565,神州行孝心卡,小米13,网上营业厅,商务彩铃|企业VPN|云存储,非常满意,低风险,13,12
CM000475,潮流青年,女,25,广东,深圳,90,79.86,109.7,145,和家庭198,华为畅享,网上营业厅,视频会员|音乐畅听|社交免流,不满意,中低风险,14,83
CM000476,银发一族,男,77,山东,临沂,69,45.04,4.6,176,神州行孝心卡,iPhone 14,10086热线,防诈提醒|紧急呼叫|语音畅聊包,一般,中低风险,7,18
CM000477,蓝领工人,女,43,山西,大同,193,94.23,20.5,487,全球通388元,OPPO Find X6,营业厅,务工套餐|老乡号码|视频通话,满意,高风险,20,10
CM000478,银发一族,男,69,黑龙江,牡丹江,115,49.22,1.6,157,全球通288元,小米14,APP,大字版APP|防诈提醒|健康监测,满意,中低风险,13,21
CM000479,学生群体,男,20,河南,郑州,74,32.48,35.8,134,全球通388元,三星S24,微信公众号,夜间流量|学习APP免流|兼职通话,不满意,中风险,13,42
CM000480,商务精英,女,53,广西,柳州,103,236.76,45.4,1541,移动大流量卡,realme GT5,营业厅,企业VPN|云存储|国际漫游,非常满意,低风险,24,38
CM000481,银发一族,女,71,宁夏,石嘴山,103,20.32,4.4,399,5G智享套餐,小米14,营业厅,大字版APP|语音畅聊包|健康监测,一般,高风险,14,0
CM000482,蓝领工人,女,42,西藏,山南,78,81.8,25.9,429,移动大流量卡,iPhone 15 Pro,营业厅,务工套餐|闲时流量|老乡号码,不满意,低风险,19,95
CM000483,潮流青年,女,24,宁夏,固原,53,77.3,125.4,196,全球通128元,小米13,APP,视频会员|游戏加速|音乐畅听,满意,中风险,1,6
CM000484,商务精英,男,48,贵州,遵义,209,561.91,87.7,1014,和家庭168,vivo X100,网上营业厅,企业VPN|云存储|5G极速套餐,不满意,中低风险,17,82
CM000485,学生群体,男,14,西藏,昌都,35,21.61,25.6,76,动感地带校园版,华为Mate 60,短信营业厅,校园流量包|兼职通话|学习APP免流,非常满意,中风险,23,16
CM000486,商务精英,女,31,湖北,襄阳,38,408.47,57.5,664,神州行孝心卡,Redmi Note 12,10086热线,5G极速套餐|国际漫游|企业VPN,一般,低风险,15,42
CM000487,潮流青年,男,19,北京,西城区,213,124.92,46.2,139,全球通288元,iPhone SE,营业厅,流量不限量|音乐畅听|视频会员,满意,中低风险,7,11
CM000488,蓝领工人,男,45,广西,玉林,140,43.48,38.8,406,全球通188元,iPhone SE,短信营业厅,闲时流量|老乡号码|务工套餐,一般,低风险,4,28
CM000489,学生群体,男,21,湖北,武汉,185,38.56,35.8,81,动感地带校园版,iPhone 14,网上营业厅,假期短号|夜间流量|校园流量包,一般,中低风险,15,21
CM000490,商务精英,女,50,江苏,南京,53,534.0,32.6,725,动感地带校园版,小米13,网上营业厅,国际漫游|云存储|企业VPN,不满意,中高风险,11,84
CM000491,家庭用户,男,30,重庆,渝中区,198,174.48,59.5,636,动感地带校园版,小米13,营业厅,家庭共享套餐|智能家居|亲情号码,满意,中风险,21,43
CM000492,学生群体,女,12,宁夏,吴忠,124,54.05,49.3,100,全球通128元,iPhone 15 Pro,短信营业厅,假期短号|校园流量包|兼职通话,一般,中低风险,10,67
CM000493,家庭用户,男,50,甘肃,白银,206,123.64,37.7,291,移动大流量卡,Redmi Note 12,网上营业厅,亲情号码|儿童手表|智能家居,满意,高风险,24,65
CM000494,家庭用户,女,38,天津,和平区,178,120.17,37.6,654,移动畅享套餐,华为畅享,APP,智能家居|家庭共享套餐|儿童手表,满意,低风险,1,24
CM000495,银发一族,女,68,浙江,嘉兴,81,26.57,1.0,457,全球通388元,realme GT5,APP,语音畅聊包|紧急呼叫|防诈提醒,一般,中低风险,32,64
CM000496,学生群体,女,14,内蒙古,通辽,84,36.72,61.8,120,神州行38元,华为P60,短信营业厅,夜间流量|兼职通话|学习APP免流,满意,中低风险,20,16
CM000497,商务精英,男,37,新疆,石河子,41,148.69,32.6,493,5G融合套餐299,小米13,短信营业厅,5G极速套餐|企业VPN|国际漫游,不满意,中高风险,11,19
CM000498,银发一族,女,80,山东,临沂,225,28.73,4.5,580,移动畅享套餐,OPPO Find X6,营业厅,语音畅聊包|紧急呼叫|防诈提醒,不满意,低风险,9,67
CM000499,潮流青年,男,26,广东,深圳,216,52.55,126.1,112,全球通288元,iPhone SE,短信营业厅,音乐畅听|流量不限量|视频会员,满意,低风险,19,19
CM000500,商务精英,女,39,北京,东城区,42,416.84,44.3,1091,5G融合套餐299,iPhone 14,微信公众号,企业VPN|云存储|国际漫游,满意,高风险,26,56
CM000501,家庭用户,男,31,辽宁,大连,108,109.79,39.5,308,和家庭198,华为P60,营业厅,家庭共享套餐|宽带融合|儿童手表,非常满意,中低风险,17,45
CM000502,蓝领工人,男,44,黑龙江,齐齐哈尔,210,96.04,12.7,363,神州行孝心卡,iPhone SE,APP,老乡号码|视频通话|务工套餐,一般,中低风险,12,90
CM000503,商务精英,男,47,福建,莆田,211,530.66,69.3,1752,5G智享套餐,iPhone SE,APP,商务彩铃|企业VPN|云存储,一般,高风险,27,53
CM000504,学生群体,男,14,云南,曲靖,14,50.01,46.9,129,全球通128元,iPhone SE,微信公众号,夜间流量|学习APP免流|兼职通话,不满意,中低风险,15,30
CM000505,家庭用户,男,41,四川,成都,123,97.22,48.7,680,和家庭168,三星S24,短信营业厅,亲情号码|宽带融合|家庭共享套餐,满意,中高风险,1,48
CM000506,家庭用户,女,43,云南,玉溪,48,190.57,35.6,749,全球通88元,小米13,短信营业厅,智能家居|亲情号码|家庭共享套餐,一般,中低风险,19,0
CM000507,商务精英,男,35,云南,昆明,205,171.44,28.6,1040,移动大流量卡,iPhone 15 Pro,营业厅,企业VPN|云存储|商务彩铃,一般,高风险,1,0
CM000508,潮流青年,女,18,甘肃,酒泉,202,88.33,85.7,177,5G智享套餐,iPhone SE,微信公众号,流量不限量|视频会员|社交免流,不满意,低风险,12,26
CM000509,家庭用户,女,34,海南,三亚,127,162.67,58.9,655,神州行38元,荣耀Magic6,微信公众号,亲情号码|宽带融合|儿童手表,不满意,中低风险,6,11
CM000510,学生群体,男,16,宁夏,固原,225,42.21,32.5,54,5G智享套餐,三星S24,网上营业厅,假期短号|校园流量包|夜间流量,不满意,中低风险,12,44
CM000511,商务精英,男,47,黑龙江,牡丹江,172,232.79,51.1,1147,全球通288元,iPhone 14,营业厅,5G极速套餐|国际漫游|云存储,一般,中高风险,31,67
CM000512,蓝领工人,男,32,青海,德令哈,150,50.65,32.6,410,和家庭198,realme GT5,10086热线,语音优惠|务工套餐|老乡号码,非常不满意,中低风险,12,25
CM000513,银发一族,女,59,河南,南阳,40,52.67,4.2,248,动感地带18元,荣耀Magic6,10086热线,紧急呼叫|防诈提醒|健康监测,满意,中低风险,8,35
CM000514,蓝领工人,男,25,青海,海东,94,71.69,10.9,585,全球通388元,iPhone 14,短信营业厅,务工套餐|语音优惠|闲时流量,一般,中风险,10,105
CM000515,潮流青年,男,19,甘肃,兰州,91,87.19,147.9,207,5G融合套餐299,vivo X100,网上营业厅,游戏加速|流量不限量|社交免流,满意,中低风险,23,30
CM000516,蓝领工人,男,25,西藏,拉萨,63,67.57,24.0,581,移动畅享套餐,荣耀Magic6,营业厅,老乡号码|视频通话|语音优惠,一般,中低风险,13,26
CM000517,学生群体,男,21,江西,南昌,148,46.95,54.7,42,移动大流量卡,华为Mate 60,短信营业厅,假期短号|夜间流量|兼职通话,非常满意,中低风险,22,10
CM000518,学生群体,女,20,山东,烟台,149,37.11,48.5,83,全球通88元,iPhone 15 Pro,营业厅,假期短号|学习APP免流|夜间流量,一般,中高风险,25,34
CM000519,家庭用户,女,35,内蒙古,鄂尔多斯,204,94.26,40.8,585,神州行孝心卡,Redmi Note 12,网上营业厅,家庭共享套餐|亲情号码|儿童手表,不满意,中高风险,12,5
CM000520,家庭用户,男,44,江西,赣州,32,113.71,17.4,545,全球通388元,华为P60,10086热线,亲情号码|智能家居|家庭共享套餐,一般,中低风险,19,10
CM000521,学生群体,男,21,湖北,黄石,114,34.54,73.9,70,全球通288元,小米14,微信公众号,兼职通话|学习APP免流|校园流量包,非常满意,中风险,16,15
CM000522,潮流青年,女,20,广东,深圳,101,107.46,111.5,206,神州行孝心卡,荣耀Magic6,营业厅,视频会员|社交免流|音乐畅听,一般,中低风险,17,5
CM000523,商务精英,女,41,重庆,沙坪坝区,158,338.54,37.9,553,全球通388元,小米14,微信公众号,国际漫游|云存储|5G极速套餐,一般,中风险,17,6
CM000524,潮流青年,女,16,黑龙江,齐齐哈尔,111,98.22,63.3,176,全球通88元,iPhone 15 Pro,微信公众号,视频会员|流量不限量|游戏加速,不满意,中低风险,20,25
CM000525,潮流青年,女,23,新疆,克拉玛依,201,48.66,32.8,210,和家庭198,小米14,APP,流量不限量|音乐畅听|游戏加速,一般,中风险,10,52
CM000526,家庭用户,男,47,四川,南充,86,102.26,51.0,310,全球通288元,iPhone SE,10086热线,亲情号码|家庭共享套餐|宽带融合,一般,中低风险,15,12
CM000527,蓝领工人,男,24,云南,昆明,67,60.53,33.9,538,全球通128元,iPhone 14,营业厅,老乡号码|务工套餐|语音优惠,满意,中低风险,30,51
CM000528,银发一族,女,67,宁夏,中卫,42,43.0,1.2,402,全球通388元,vivo X100,网上营业厅,防诈提醒|紧急呼叫|大字版APP,一般,中高风险,13,1
CM000529,家庭用户,女,36,天津,河西区,109,217.57,49.4,675,全球通188元,小米14,网上营业厅,智能家居|儿童手表|亲情号码,满意,中高风险,8,59
CM000530,银发一族,女,74,内蒙古,鄂尔多斯,188,44.21,0.6,266,5G融合套餐299,iPhone SE,网上营业厅,语音畅聊包|健康监测|防诈提醒,一般,低风险,5,62
CM000531,蓝领工人,男,47,河北,唐山,73,51.34,15.9,323,和家庭198,华为Mate 60,微信公众号,语音优惠|老乡号码|视频通话,满意,中低风险,8,0
CM000532,潮流青年,男,20,吉林,延边,188,96.21,116.3,229,全球通388元,华为畅享,10086热线,视频会员|流量不限量|游戏加速,不满意,高风险,12,31
CM000533,商务精英,男,49,河南,洛阳,94,169.34,90.5,1059,移动畅享套餐,华为畅享,网上营业厅,企业VPN|国际漫游|商务彩铃,满意,高风险,9,42
CM000534,家庭用户,女,50,西藏,昌都,2,193.75,10.6,493,全球通88元,三星S24,短信营业厅,家庭共享套餐|智能家居|宽带融合,满意,低风险,15,121
CM000535,商务精英,男,54,湖南,衡阳,19,580.28,82.5,1844,全球通288元,iPhone 15 Pro,微信公众号,5G极速套餐|商务彩铃|云存储,不满意,中高风险,11,8
CM000536,学生群体,男,15,河南,郑州,79,33.89,62.9,38,全球通88元,iPhone 15 Pro,短信营业厅,学习APP免流|校园流量包|兼职通话,满意,中低风险,23,3
CM000537,潮流青年,女,16,上海,徐汇区,224,56.54,69.8,254,神州行孝心卡,荣耀Magic6,10086热线,音乐畅听|视频会员|流量不限量,非常满意,低风险,15,8
CM000538,蓝领工人,男,38,山西,大同,226,97.05,16.0,414,全球通388元,华为Mate 60,10086热线,闲时流量|老乡号码|视频通话,一般,中高风险,12,12
CM000539,银发一族,女,73,江西,景德镇,82,54.05,4.5,551,移动大流量卡,iPhone 15 Pro,网上营业厅,防诈提醒|大字版APP|紧急呼叫,满意,中低风险,38,124
CM000540,银发一族,男,57,海南,琼海,69,32.76,4.0,238,动感地带校园版,iPhone SE,营业厅,防诈提醒|健康监测|紧急呼叫,非常不满意,低风险,32,3
CM000541,潮流青年,女,26,浙江,宁波,149,51.37,77.1,60,和家庭168,小米14,网上营业厅,视频会员|社交免流|游戏加速,满意,中低风险,1,37
CM000542,商务精英,男,29,海南,三亚,163,426.98,46.0,1224,全球通188元,OPPO Find X6,短信营业厅,云存储|企业VPN|商务彩铃,满意,中高风险,21,1
CM000543,学生群体,女,13,贵州,遵义,7,41.79,26.8,135,动感地带校园版,华为Mate 60,短信营业厅,兼职通话|学习APP免流|假期短号,一般,高风险,18,15
CM000544,潮流青年,女,21,四川,南充,139,44.14,71.5,136,神州行孝心卡,三星S24,营业厅,社交免流|流量不限量|视频会员,非常满意,低风险,9,60
CM000545,银发一族,男,66,重庆,渝中区,111,36.73,4.7,125,全球通388元,华为畅享,APP,健康监测|大字版APP|防诈提醒,满意,高风险,11,17
CM000546,家庭用户,女,43,天津,南开区,237,170.12,40.0,644,全球通188元,三星S24,10086热线,宽带融合|智能家居|亲情号码,一般,中低风险,26,3
CM000547,学生群体,女,22,重庆,南岸区,40,30.49,72.1,140,动感地带校园版,realme GT5,微信公众号,校园流量包|假期短号|学习APP免流,一般,中低风险,9,22
CM000548,学生群体,女,21,四川,成都,66,44.3,53.8,47,移动大流量卡,OPPO Find X6,APP,夜间流量|校园流量包|兼职通话,非常不满意,中风险,3,98
CM000549,银发一族,男,72,福建,漳州,65,23.45,1.0,100,全球通128元,三星S24,营业厅,紧急呼叫|大字版APP|健康监测,一般,中风险,31,15
CM000550,蓝领工人,男,27,重庆,九龙坡区,1,73.37,10.6,460,全球通288元,小米14,短信营业厅,务工套餐|视频通话|老乡号码,不满意,低风险,1,16
CM000551,商务精英,男,49,山东,青岛,88,191.56,94.4,375,动感地带18元,荣耀Magic6,微信公众号,商务彩铃|5G极速套餐|国际漫游,一般,中风险,10,39
CM000552,潮流青年,男,19,安徽,蚌埠,107,81.97,81.6,241,动感地带18元,小米13,网上营业厅,社交免流|视频会员|流量不限量,不满意,中高风险,5,2
CM000553,潮流青年,女,17,甘肃,天水,21,122.18,52.7,125,神州行38元,Redmi Note 12,微信公众号,视频会员|游戏加速|社交免流,一般,中低风险,35,56
CM000554,蓝领工人,女,25,新疆,克拉玛依,36,48.31,38.8,465,移动大流量卡,vivo X100,微信公众号,老乡号码|语音优惠|视频通话,不满意,中高风险,13,2
CM000555,潮流青年,男,28,广西,北海,18,84.5,139.4,281,神州行孝心卡,Redmi Note 12,短信营业厅,视频会员|音乐畅听|社交免流,一般,中低风险,23,1
CM000556,家庭用户,男,43,黑龙江,哈尔滨,61,173.41,52.6,797,全球通128元,OPPO Find X6,短信营业厅,宽带融合|儿童手表|亲情号码,非常不满意,低风险,15,151
CM000557,蓝领工人,男,39,湖南,岳阳,16,93.34,28.0,213,5G智享套餐,小米13,微信公众号,闲时流量|务工套餐|语音优惠,满意,中风险,16,0
CM000558,银发一族,男,65,福建,厦门,180,48.97,1.1,442,全球通88元,Redmi Note 12,营业厅,大字版APP|紧急呼叫|语音畅聊包,一般,中风险,14,49
CM000559,潮流青年,男,24,贵州,遵义,181,56.8,128.6,268,全球通128元,Redmi Note 12,微信公众号,游戏加速|社交免流|视频会员,满意,低风险,18,0
CM000560,学生群体,女,20,湖北,武汉,189,41.59,37.3,140,全球通188元,华为Mate 60,APP,夜间流量|学习APP免流|校园流量包,一般,低风险,15,12
CM000561,潮流青年,男,24,内蒙古,鄂尔多斯,63,55.31,86.1,186,全球通288元,iPhone SE,短信营业厅,视频会员|社交免流|游戏加速,非常不满意,中风险,26,51
CM000562,潮流青年,男,20,河南,郑州,118,55.03,69.3,191,神州行孝心卡,iPhone SE,网上营业厅,视频会员|音乐畅听|流量不限量,满意,低风险,21,8
CM000563,银发一族,女,67,安徽,安庆,7,56.86,0.6,372,5G融合套餐299,华为P60,10086热线,紧急呼叫|语音畅聊包|防诈提醒,非常不满意,中风险,20,5
CM000564,潮流青年,男,19,天津,南开区,46,74.29,69.2,178,神州行孝心卡,华为畅享,微信公众号,视频会员|音乐畅听|游戏加速,一般,中低风险,14,39
CM000565,商务精英,女,43,北京,西城区,12,310.75,22.6,969,移动畅享套餐,华为畅享,APP,国际漫游|企业VPN|商务彩铃,一般,中低风险,10,27
CM000566,家庭用户,女,32,黑龙江,佳木斯,168,225.69,16.6,542,全球通388元,OPPO Find X6,微信公众号,亲情号码|宽带融合|智能家居,一般,中低风险,11,3
CM000567,家庭用户,男,31,山西,太原,217,118.95,26.8,768,神州行38元,华为Mate 60,网上营业厅,家庭共享套餐|亲情号码|儿童手表,满意,中低风险,3,53
CM000568,家庭用户,女,40,河北,保定,125,148.12,35.8,606,全球通88元,华为P60,网上营业厅,智能家居|家庭共享套餐|宽带融合,不满意,低风险,8,1
CM000569,潮流青年,女,17,黑龙江,哈尔滨,183,77.11,145.9,231,移动畅享套餐,荣耀Magic6,网上营业厅,音乐畅听|社交免流|流量不限量,一般,中低风险,24,98
CM000570,学生群体,男,18,江苏,南京,51,41.05,45.7,145,神州行38元,OPPO Find X6,短信营业厅,夜间流量|假期短号|兼职通话,一般,中风险,19,49
CM000571,学生群体,男,13,青海,德令哈,175,46.41,78.7,37,全球通88元,华为畅享,10086热线,假期短号|学习APP免流|夜间流量,满意,中低风险,19,3
CM000572,潮流青年,男,22,甘肃,张掖,171,83.83,116.6,283,和家庭198,iPhone 14,营业厅,游戏加速|社交免流|音乐畅听,一般,低风险,11,44
CM000573,潮流青年,男,26,贵州,六盘水,43,123.3,92.6,224,移动畅享套餐,iPhone 15 Pro,APP,音乐畅听|社交免流|视频会员,满意,中高风险,16,14
CM000574,家庭用户,男,42,海南,文昌,96,172.16,12.5,405,全球通188元,小米13,营业厅,宽带融合|儿童手表|智能家居,非常满意,中低风险,27,21
CM000575,潮流青年,男,20,山东,济南,132,77.15,138.0,262,5G融合套餐299,iPhone 15 Pro,微信公众号,视频会员|社交免流|流量不限量,满意,中低风险,14,79
CM000576,学生群体,女,12,安徽,安庆,135,31.28,75.7,102,全球通388元,Redmi Note 12,营业厅,夜间流量|学习APP免流|兼职通话,不满意,低风险,2,16
CM000577,蓝领工人,男,26,吉林,吉林,81,55.18,25.6,234,神州行38元,华为Mate 60,短信营业厅,语音优惠|务工套餐|老乡号码,满意,中高风险,4,22
CM000578,学生群体,男,22,宁夏,中卫,160,33.93,68.3,30,动感地带校园版,iPhone 15 Pro,APP,兼职通话|学习APP免流|夜间流量,不满意,中风险,21,73
CM000579,潮流青年,女,16,湖南,岳阳,201,66.84,62.5,226,移动大流量卡,华为畅享,营业厅,社交免流|流量不限量|视频会员,满意,中低风险,32,0
CM000580,家庭用户,男,44,上海,静安区,211,197.19,27.2,419,全球通288元,Redmi Note 12,APP,智能家居|儿童手表|宽带融合,一般,中低风险,19,48
CM000581,家庭用户,女,35,湖南,长沙,194,122.92,30.3,330,5G智享套餐,华为P60,微信公众号,智能家居|亲情号码|宽带融合,满意,中风险,12,15
CM000582,家庭用户,男,47,重庆,渝中区,113,139.95,40.1,452,全球通128元,小米13,短信营业厅,儿童手表|宽带融合|家庭共享套餐,满意,中高风险,33,4
CM000583,潮流青年,男,17,重庆,江北区,81,125.32,119.8,131,5G融合套餐299,iPhone 15 Pro,短信营业厅,社交免流|视频会员|流量不限量,一般,中低风险,17,11
CM000584,银发一族,女,63,贵州,贵阳,186,23.62,2.1,465,神州行38元,realme GT5,网上营业厅,健康监测|语音畅聊包|大字版APP,满意,中低风险,18,28
CM000585,商务精英,女,47,海南,文昌,152,558.8,71.8,1943,全球通128元,iPhone 14,APP,5G极速套餐|企业VPN|商务彩铃,满意,低风险,13,13
CM000586,家庭用户,男,50,宁夏,吴忠,24,191.21,28.1,327,神州行38元,华为畅享,APP,家庭共享套餐|儿童手表|亲情号码,满意,高风险,1,18
CM000587,商务精英,男,31,黑龙江,齐齐哈尔,133,359.94,50.5,1687,神州行孝心卡,小米14,短信营业厅,企业VPN|云存储|国际漫游,满意,中高风险,11,15
CM000588,学生群体,女,15,湖北,襄阳,104,20.73,73.8,123,神州行孝心卡,小米14,10086热线,兼职通话|夜间流量|假期短号,非常不满意,低风险,16,10
CM000589,潮流青年,女,26,辽宁,大连,148,79.17,103.7,170,动感地带校园版,iPhone SE,APP,流量不限量|音乐畅听|社交免流,非常不满意,中低风险,23,21
CM000590,蓝领工人,男,48,黑龙江,佳木斯,107,62.58,17.3,365,动感地带18元,小米13,微信公众号,视频通话|老乡号码|务工套餐,满意,中低风险,16,72
CM000591,蓝领工人,男,30,云南,丽江,193,72.66,39.1,323,动感地带校园版,iPhone SE,营业厅,语音优惠|老乡号码|务工套餐,不满意,中低风险,1,11
CM000592,家庭用户,女,36,内蒙古,通辽,202,209.07,23.3,653,动感地带18元,vivo X100,网上营业厅,亲情号码|家庭共享套餐|智能家居,一般,中低风险,14,43
CM000593,潮流青年,男,27,甘肃,白银,214,107.15,67.1,197,5G融合套餐299,华为畅享,网上营业厅,社交免流|视频会员|音乐畅听,满意,中风险,21,5
CM000594,蓝领工人,男,41,浙江,嘉兴,153,48.89,14.6,406,和家庭198,华为Mate 60,网上营业厅,闲时流量|老乡号码|务工套餐,一般,中风险,7,22
CM000595,学生群体,男,21,黑龙江,牡丹江,174,39.96,21.1,147,全球通288元,iPhone SE,短信营业厅,校园流量包|夜间流量|学习APP免流,不满意,中高风险,19,6
CM000596,家庭用户,女,35,吉林,四平,58,102.0,30.2,773,全球通388元,小米14,营业厅,亲情号码|家庭共享套餐|儿童手表,一般,中低风险,32,22
CM000597,学生群体,女,19,山西,阳泉,31,40.42,26.9,81,移动大流量卡,华为Mate 60,APP,兼职通话|假期短号|学习APP免流,一般,中低风险,19,5
CM000598,蓝领工人,女,34,吉林,通化,59,65.07,30.5,387,神州行38元,realme GT5,营业厅,务工套餐|老乡号码|闲时流量,非常满意,中低风险,1,18
CM000599,潮流青年,男,25,云南,昆明,128,57.73,106.7,191,5G融合套餐299,OPPO Find X6,短信营业厅,音乐畅听|流量不限量|游戏加速,满意,低风险,19,2
CM000600,家庭用户,女,43,江西,九江,125,137.96,46.7,451,移动大流量卡,小米14,网上营业厅,智能家居|亲情号码|家庭共享套餐,满意,中风险,4,9
CM000601,家庭用户,男,38,黑龙江,齐齐哈尔,234,186.9,28.0,240,移动畅享套餐,华为P60,网上营业厅,宽带融合|亲情号码|智能家居,非常满意,低风险,24,31
CM000602,银发一族,女,63,湖南,长沙,111,57.46,2.9,301,全球通388元,iPhone 15 Pro,网上营业厅,健康监测|防诈提醒|语音畅聊包,非常不满意,中风险,11,60
CM000603,银发一族,男,77,河南,开封,100,53.48,0.7,581,移动畅享套餐,realme GT5,APP,大字版APP|健康监测|防诈提醒,不满意,低风险,18,8
CM000604,蓝领工人,男,27,河南,郑州,210,49.7,28.2,285,和家庭198,华为Mate 60,10086热线,老乡号码|闲时流量|务工套餐,满意,中高风险,3,42
CM000605,家庭用户,女,32,河北,保定,30,185.46,29.2,538,5G融合套餐299,iPhone SE,APP,智能家居|宽带融合|亲情号码,非常满意,中低风险,17,5
CM000606,潮流青年,女,22,海南,海口,72,55.26,44.2,261,全球通128元,荣耀Magic6,营业厅,游戏加速|社交免流|流量不限量,一般,低风险,17,2
CM000607,商务精英,女,38,湖北,襄阳,229,298.26,95.2,1628,神州行孝心卡,华为畅享,营业厅,商务彩铃|5G极速套餐|国际漫游,满意,中风险,20,15
CM000608,家庭用户,男,37,安徽,芜湖,71,201.88,26.4,329,动感地带18元,华为Mate 60,网上营业厅,家庭共享套餐|智能家居|儿童手表,满意,中风险,26,14
CM000609,学生群体,女,15,天津,河西区,184,55.31,66.9,100,全球通128元,荣耀Magic6,10086热线,学习APP免流|兼职通话|校园流量包,不满意,中风险,21,76
CM000610,家庭用户,女,39,黑龙江,齐齐哈尔,111,97.49,18.6,454,动感地带18元,vivo X100,微信公众号,亲情号码|家庭共享套餐|智能家居,满意,中高风险,11,53
CM000611,学生群体,女,12,四川,绵阳,154,26.36,56.6,110,全球通388元,Redmi Note 12,APP,夜间流量|校园流量包|假期短号,不满意,中风险,1,97
CM000612,潮流青年,男,17,河北,唐山,207,53.64,149.3,259,神州行38元,华为Mate 60,短信营业厅,流量不限量|游戏加速|社交免流,一般,中低风险,19,28
CM000613,潮流青年,男,23,安徽,安庆,116,113.74,96.4,187,移动大流量卡,iPhone 15 Pro,10086热线,社交免流|音乐畅听|游戏加速,非常满意,中风险,12,13
CM000614,潮流青年,女,17,河南,开封,70,84.94,69.4,273,全球通388元,realme GT5,10086热线,音乐畅听|流量不限量|社交免流,不满意,中风险,13,130
CM000615,潮流青年,男,21,新疆,克拉玛依,196,118.65,132.1,258,5G融合套餐299,Redmi Note 12,网上营业厅,社交免流|音乐畅听|游戏加速,非常满意,高风险,22,33
CM000616,潮流青年,女,24,天津,河东区,52,56.92,120.8,92,移动畅享套餐,三星S24,微信公众号,游戏加速|视频会员|流量不限量,不满意,中高风险,1,31
CM000617,银发一族,男,60,湖北,荆州,113,31.89,2.5,466,全球通88元,华为Mate 60,微信公众号,语音畅聊包|防诈提醒|紧急呼叫,一般,中低风险,20,12
CM000618,银发一族,男,55,上海,黄浦区,120,28.61,3.1,527,全球通88元,iPhone SE,短信营业厅,健康监测|大字版APP|语音畅聊包,一般,中低风险,12,7
CM000619,银发一族,女,56,天津,和平区,10,56.99,2.1,529,动感地带校园版,OPPO Find X6,短信营业厅,紧急呼叫|防诈提醒|大字版APP,满意,中风险,18,70
CM000620,家庭用户,男,41,湖北,襄阳,100,113.51,18.7,473,神州行孝心卡,小米13,营业厅,智能家居|宽带融合|亲情号码,满意,低风险,6,12
CM000621,银发一族,男,60,辽宁,大连,47,50.75,4.7,333,动感地带校园版,华为Mate 60,营业厅,大字版APP|紧急呼叫|防诈提醒,满意,中低风险,22,47
CM000622,潮流青年,女,27,福建,福州,91,110.27,110.9,156,神州行38元,华为P60,APP,游戏加速|音乐畅听|视频会员,一般,低风险,13,35
CM000623,银发一族,男,56,内蒙古,包头,177,55.13,3.2,104,移动畅享套餐,OPPO Find X6,APP,语音畅聊包|大字版APP|防诈提醒,满意,中风险,13,23
CM000624,家庭用户,女,35,山东,潍坊,202,219.83,42.3,411,5G融合套餐299,vivo X100,微信公众号,家庭共享套餐|宽带融合|儿童手表,满意,中低风险,7,11
CM000625,商务精英,女,43,山西,大同,171,219.35,67.9,1937,神州行38元,小米14,营业厅,企业VPN|国际漫游|云存储,满意,高风险,1,7
CM000626,学生群体,男,12,青海,德令哈,191,20.86,40.2,70,和家庭168,realme GT5,营业厅,学习APP免流|假期短号|兼职通话,一般,高风险,16,67
CM000627,家庭用户,女,37,安徽,安庆,100,118.39,58.2,476,全球通88元,OPPO Find X6,微信公众号,亲情号码|家庭共享套餐|宽带融合,不满意,中低风险,29,6
CM000628,潮流青年,女,16,甘肃,白银,138,67.28,120.8,171,和家庭198,三星S24,短信营业厅,音乐畅听|流量不限量|视频会员,一般,高风险,11,77
CM000629,商务精英,女,34,西藏,昌都,218,213.24,44.3,356,和家庭168,iPhone 15 Pro,10086热线,企业VPN|云存储|商务彩铃,满意,低风险,22,22
CM000630,学生群体,男,21,浙江,杭州,123,43.25,39.7,111,全球通128元,OPPO Find X6,微信公众号,校园流量包|学习APP免流|夜间流量,一般,中低风险,10,23
CM000631,学生群体,男,12,海南,琼海,213,48.82,29.3,72,全球通188元,vivo X100,微信公众号,夜间流量|假期短号|学习APP免流,不满意,中高风险,14,1
CM000632,潮流青年,女,20,辽宁,锦州,58,56.88,34.5,201,全球通388元,OPPO Find X6,微信公众号,社交免流|音乐畅听|视频会员,一般,低风险,21,9
CM000633,银发一族,女,64,甘肃,兰州,144,25.35,1.0,447,和家庭198,iPhone SE,10086热线,大字版APP|紧急呼叫|语音畅聊包,一般,中风险,1,48
CM000634,蓝领工人,男,40,吉林,通化,49,58.65,26.4,524,神州行38元,华为Mate 60,网上营业厅,视频通话|闲时流量|务工套餐,一般,中低风险,11,31
CM000635,潮流青年,女,18,河北,保定,6,69.09,96.4,248,和家庭198,华为Mate 60,短信营业厅,社交免流|游戏加速|音乐畅听,不满意,中风险,12,27
CM000636,商务精英,女,36,内蒙古,呼和浩特,48,185.85,52.8,924,和家庭198,三星S24,营业厅,云存储|商务彩铃|5G极速套餐,一般,中低风险,11,52
CM000637,商务精英,女,29,贵州,贵阳,65,479.12,56.6,1382,5G智享套餐,华为P60,短信营业厅,云存储|企业VPN|商务彩铃,一般,中高风险,10,13
CM000638,蓝领工人,男,26,甘肃,兰州,194,97.17,11.7,450,动感地带18元,小米14,10086热线,务工套餐|语音优惠|老乡号码,非常满意,高风险,24,14
CM000639,家庭用户,女,44,广东,佛山,48,206.74,22.0,789,移动大流量卡,iPhone 15 Pro,10086热线,宽带融合|儿童手表|家庭共享套餐,满意,中风险,9,18
CM000640,商务精英,女,41,广东,佛山,11,283.02,64.0,1667,移动畅享套餐,iPhone SE,APP,企业VPN|商务彩铃|云存储,一般,中风险,16,0
CM000641,蓝领工人,女,34,西藏,山南,30,87.98,11.9,231,5G智享套餐,iPhone 15 Pro,营业厅,闲时流量|老乡号码|务工套餐,满意,中低风险,9,167
CM000642,银发一族,男,77,北京,海淀区,188,55.45,2.3,570,全球通188元,小米14,短信营业厅,紧急呼叫|防诈提醒|大字版APP,非常不满意,中低风险,1,5
CM000643,蓝领工人,女,31,海南,文昌,203,65.22,25.0,535,动感地带18元,iPhone SE,短信营业厅,闲时流量|视频通话|语音优惠,非常不满意,中风险,19,9
CM000644,蓝领工人,男,27,云南,大理,55,57.46,17.7,322,移动畅享套餐,小米13,营业厅,语音优惠|老乡号码|闲时流量,满意,中高风险,10,8
CM000645,潮流青年,男,25,西藏,日喀则,172,123.32,122.3,119,移动大流量卡,小米13,短信营业厅,游戏加速|流量不限量|音乐畅听,一般,中低风险,32,22
CM000646,潮流青年,女,18,浙江,杭州,133,111.91,83.4,51,全球通188元,OPPO Find X6,短信营业厅,音乐畅听|社交免流|游戏加速,一般,中低风险,1,55
CM000647,家庭用户,女,44,广西,柳州,174,181.32,40.6,335,和家庭168,华为Mate 60,营业厅,智能家居|儿童手表|宽带融合,一般,中低风险,7,12
CM000648,潮流青年,男,17,天津,南开区,69,96.23,47.9,156,和家庭198,iPhone SE,短信营业厅,视频会员|游戏加速|社交免流,非常满意,低风险,17,17
CM000649,商务精英,男,36,广东,深圳,118,379.43,22.7,1423,全球通288元,Redmi Note 12,微信公众号,国际漫游|5G极速套餐|商务彩铃,一般,低风险,6,72
CM000650,银发一族,女,55,海南,三亚,172,36.58,2.9,214,动感地带18元,小米13,短信营业厅,防诈提醒|大字版APP|语音畅聊包,一般,中低风险,17,8
CM000651,商务精英,女,42,吉林,延边,108,572.43,61.0,1249,和家庭168,iPhone 15 Pro,短信营业厅,云存储|商务彩铃|企业VPN,满意,中风险,21,17
CM000652,家庭用户,女,46,湖南,衡阳,9,188.71,15.4,725,动感地带校园版,华为Mate 60,APP,智能家居|家庭共享套餐|儿童手表,一般,中高风险,18,57
CM000653,潮流青年,女,16,宁夏,中卫,215,39.11,121.8,250,神州行孝心卡,Redmi Note 12,营业厅,流量不限量|音乐畅听|社交免流,非常不满意,中风险,12,23
CM000654,蓝领工人,女,30,宁夏,吴忠,6,65.5,22.8,530,全球通388元,vivo X100,短信营业厅,视频通话|务工套餐|语音优惠,不满意,中高风险,11,11
CM000655,潮流青年,女,22,内蒙古,赤峰,27,121.28,95.4,264,全球通88元,iPhone 14,营业厅,社交免流|视频会员|游戏加速,一般,高风险,19,69
CM000656,银发一族,男,61,北京,丰台区,210,26.43,4.6,454,移动畅享套餐,Redmi Note 12,APP,防诈提醒|健康监测|紧急呼叫,非常满意,高风险,16,10
CM000657,蓝领工人,女,41,安徽,芜湖,204,74.14,12.6,571,全球通128元,vivo X100,APP,语音优惠|务工套餐|老乡号码,一般,中风险,8,5
CM000658,学生群体,女,21,吉林,延边,72,48.16,77.3,134,和家庭168,华为P60,微信公众号,校园流量包|学习APP免流|夜间流量,非常满意,中风险,14,6
CM000659,学生群体,男,13,福建,泉州,182,51.92,37.2,123,神州行38元,iPhone SE,微信公众号,校园流量包|学习APP免流|兼职通话,一般,中高风险,13,82
CM000660,家庭用户,女,34,江西,宜春,234,190.23,34.1,417,全球通288元,小米14,短信营业厅,亲情号码|智能家居|家庭共享套餐,一般,中低风险,10,29
CM000661,潮流青年,女,23,重庆,九龙坡区,110,69.12,96.2,194,动感地带校园版,realme GT5,营业厅,游戏加速|流量不限量|视频会员,满意,中风险,21,45
CM000662,潮流青年,女,19,湖北,荆州,77,97.4,30.3,180,神州行38元,OPPO Find X6,APP,社交免流|游戏加速|视频会员,满意,低风险,22,32
CM000663,银发一族,男,63,天津,和平区,128,54.5,3.3,259,全球通188元,华为Mate 60,营业厅,紧急呼叫|大字版APP|语音畅聊包,满意,中风险,4,4
CM000664,蓝领工人,女,32,重庆,九龙坡区,40,72.49,33.5,569,和家庭198,荣耀Magic6,10086热线,视频通话|闲时流量|务工套餐,不满意,中低风险,3,8
CM000665,学生群体,男,12,湖南,株洲,14,41.68,64.8,105,和家庭198,iPhone 15 Pro,营业厅,兼职通话|学习APP免流|夜间流量,非常满意,中风险,14,1
CM000666,潮流青年,女,18,湖南,湘潭,222,87.01,95.9,287,移动畅享套餐,荣耀Magic6,营业厅,视频会员|社交免流|流量不限量,非常满意,中低风险,1,33
CM000667,蓝领工人,男,43,浙江,宁波,69,91.71,28.2,380,动感地带校园版,华为畅享,APP,务工套餐|老乡号码|语音优惠,非常不满意,中低风险,3,70
CM000668,家庭用户,男,37,海南,海口,14,224.71,58.1,685,5G智享套餐,realme GT5,短信营业厅,家庭共享套餐|智能家居|儿童手表,满意,中高风险,24,6
CM000669,家庭用户,男,41,海南,三亚,44,106.02,15.5,452,全球通188元,小米13,10086热线,宽带融合|智能家居|家庭共享套餐,满意,中低风险,5,27
CM000670,蓝领工人,男,29,河北,石家庄,215,67.32,14.0,276,神州行孝心卡,小米13,营业厅,闲时流量|务工套餐|语音优惠,非常不满意,低风险,26,7
CM000671,潮流青年,男,16,新疆,石河子,223,72.74,110.9,236,和家庭168,iPhone 15 Pro,短信营业厅,视频会员|音乐畅听|社交免流,非常不满意,高风险,31,16
CM000672,学生群体,女,14,山西,临汾,126,33.96,50.1,131,和家庭168,Redmi Note 12,网上营业厅,校园流量包|假期短号|兼职通话,一般,中低风险,3,40
CM000673,家庭用户,女,43,新疆,喀什,223,190.88,32.1,624,和家庭168,华为Mate 60,微信公众号,儿童手表|智能家居|亲情号码,满意,低风险,13,18
CM000674,家庭用户,女,30,云南,昆明,233,94.43,29.0,613,全球通88元,华为畅享,网上营业厅,智能家居|亲情号码|家庭共享套餐,满意,高风险,24,12
CM000675,银发一族,男,77,河南,郑州,54,33.43,2.7,178,全球通128元,荣耀Magic6,短信营业厅,语音畅聊包|大字版APP|健康监测,满意,低风险,11,68
CM000676,潮流青年,男,20,广东,珠海,198,106.1,49.6,262,全球通388元,OPPO Find X6,微信公众号,音乐畅听|游戏加速|社交免流,满意,高风险,7,17
CM000677,商务精英,男,47,上海,浦东新区,61,512.59,61.0,1683,全球通128元,华为P60,短信营业厅,国际漫游|企业VPN|5G极速套餐,不满意,中高风险,23,102
CM000678,潮流青年,女,16,湖南,湘潭,59,82.71,46.6,60,移动大流量卡,iPhone 15 Pro,营业厅,音乐畅听|社交免流|视频会员,非常满意,中高风险,5,4
CM000679,蓝领工人,男,28,浙江,宁波,216,53.07,26.2,421,全球通128元,vivo X100,10086热线,老乡号码|务工套餐|闲时流量,满意,中高风险,13,15
CM000680,蓝领工人,男,25,黑龙江,佳木斯,88,41.6,35.9,479,全球通188元,iPhone 15 Pro,网上营业厅,闲时流量|视频通话|务工套餐,满意,中高风险,7,2
CM000681,家庭用户,女,45,北京,朝阳区,109,227.07,31.7,355,全球通388元,华为P60,微信公众号,宽带融合|亲情号码|家庭共享套餐,一般,中低风险,35,2
CM000682,潮流青年,男,25,安徽,马鞍山,40,108.35,57.1,273,5G融合套餐299,小米13,营业厅,视频会员|游戏加速|流量不限量,不满意,高风险,10,23
CM000683,家庭用户,男,48,福建,厦门,39,228.8,11.4,510,和家庭168,Redmi Note 12,短信营业厅,亲情号码|儿童手表|家庭共享套餐,满意,低风险,13,20
CM000684,商务精英,男,32,西藏,日喀则,108,503.51,51.9,1924,动感地带校园版,华为Mate 60,营业厅,5G极速套餐|商务彩铃|企业VPN,非常不满意,低风险,9,33
CM000685,潮流青年,女,22,河南,开封,177,108.23,136.6,201,全球通188元,三星S24,短信营业厅,游戏加速|音乐畅听|视频会员,不满意,低风险,19,20
CM000686,蓝领工人,男,49,海南,儋州,112,68.07,33.6,276,移动大流量卡,荣耀Magic6,10086热线,视频通话|闲时流量|务工套餐,一般,中低风险,7,49
CM000687,银发一族,女,60,广东,佛山,41,29.04,1.0,429,神州行孝心卡,三星S24,网上营业厅,健康监测|紧急呼叫|大字版APP,一般,中低风险,7,18
CM000688,商务精英,男,44,湖南,衡阳,213,240.6,55.4,462,5G智享套餐,vivo X100,10086热线,国际漫游|企业VPN|5G极速套餐,不满意,中低风险,18,25
CM000689,学生群体,女,15,湖北,荆州,156,51.95,57.5,127,5G智享套餐,OPPO Find X6,营业厅,假期短号|校园流量包|兼职通话,满意,中低风险,5,11
CM000690,学生群体,男,12,黑龙江,哈尔滨,135,55.96,31.5,57,神州行孝心卡,vivo X100,营业厅,假期短号|校园流量包|兼职通话,非常不满意,高风险,19,18
CM000691,学生群体,男,15,宁夏,固原,93,25.3,64.5,144,全球通388元,华为P60,10086热线,学习APP免流|兼职通话|假期短号,不满意,中风险,2,151
CM000692,商务精英,男,32,江苏,无锡,70,393.58,54.2,528,全球通188元,小米13,APP,企业VPN|商务彩铃|国际漫游,非常满意,低风险,11,62
CM000693,蓝领工人,男,24,陕西,宝鸡,86,40.79,32.8,281,5G智享套餐,OPPO Find X6,10086热线,老乡号码|闲时流量|视频通话,满意,中风险,10,13
CM000694,潮流青年,男,27,北京,西城区,68,110.76,55.8,211,全球通88元,三星S24,微信公众号,音乐畅听|视频会员|游戏加速,非常满意,低风险,21,0
CM000695,潮流青年,女,16,福建,泉州,60,113.54,143.5,241,5G融合套餐299,OPPO Find X6,网上营业厅,音乐畅听|视频会员|游戏加速,一般,低风险,17,194
CM000696,学生群体,女,21,内蒙古,包头,110,36.68,40.1,57,移动畅享套餐,荣耀Magic6,网上营业厅,学习APP免流|校园流量包|夜间流量,满意,中风险,7,20
CM000697,潮流青年,男,18,四川,成都,172,106.53,114.0,54,移动畅享套餐,iPhone 15 Pro,营业厅,流量不限量|视频会员|社交免流,非常不满意,中风险,8,28
CM000698,学生群体,女,13,浙江,宁波,170,37.24,37.6,63,全球通288元,小米13,APP,假期短号|兼职通话|夜间流量,非常满意,中高风险,12,26
CM000699,蓝领工人,男,31,福建,漳州,194,53.15,18.7,536,和家庭198,Redmi Note 12,10086热线,闲时流量|语音优惠|老乡号码,满意,高风险,7,39
CM000700,潮流青年,女,28,甘肃,天水,198,56.91,64.7,140,全球通88元,小米14,APP,音乐畅听|流量不限量|游戏加速,一般,中高风险,16,31
CM000701,家庭用户,女,33,云南,玉溪,152,109.41,44.7,410,移动畅享套餐,荣耀Magic6,短信营业厅,宽带融合|亲情号码|儿童手表,满意,中风险,10,7
CM000702,学生群体,女,13,黑龙江,大庆,121,22.78,79.7,33,神州行孝心卡,realme GT5,10086热线,校园流量包|假期短号|学习APP免流,非常满意,中风险,13,17
CM000703,潮流青年,男,20,河北,石家庄,118,91.93,96.2,125,全球通188元,小米13,网上营业厅,音乐畅听|视频会员|社交免流,满意,中低风险,2,59
CM000704,潮流青年,女,26,黑龙江,佳木斯,84,38.65,128.1,223,全球通388元,realme GT5,营业厅,流量不限量|社交免流|视频会员,一般,高风险,4,18
CM000705,蓝领工人,男,37,内蒙古,赤峰,200,63.79,33.9,504,移动大流量卡,iPhone 14,10086热线,老乡号码|视频通话|语音优惠,一般,高风险,20,4
CM000706,家庭用户,女,46,江西,赣州,89,187.27,23.8,300,神州行38元,荣耀Magic6,10086热线,智能家居|宽带融合|家庭共享套餐,一般,中低风险,15,0
CM000707,家庭用户,男,49,浙江,杭州,42,197.8,41.2,600,动感地带18元,小米14,网上营业厅,宽带融合|智能家居|儿童手表,一般,中风险,31,10
CM000708,潮流青年,女,27,广东,广州,203,69.41,127.0,73,移动大流量卡,华为畅享,营业厅,视频会员|游戏加速|流量不限量,不满意,中低风险,9,12
CM000709,商务精英,男,49,浙江,温州,239,317.26,71.0,1206,动感地带校园版,OPPO Find X6,网上营业厅,商务彩铃|云存储|5G极速套餐,满意,高风险,15,0
CM000710,学生群体,女,15,湖北,宜昌,40,22.26,45.1,35,全球通388元,iPhone 14,短信营业厅,假期短号|夜间流量|学习APP免流,满意,中风险,12,10
CM000711,潮流青年,男,27,云南,大理,133,109.24,130.5,260,动感地带18元,vivo X100,网上营业厅,流量不限量|社交免流|游戏加速,满意,低风险,26,0
CM000712,蓝领工人,男,44,青海,德令哈,67,72.97,35.0,423,全球通88元,OPPO Find X6,营业厅,语音优惠|闲时流量|务工套餐,一般,低风险,10,77
CM000713,潮流青年,男,17,浙江,温州,7,95.75,146.7,181,神州行孝心卡,OPPO Find X6,10086热线,视频会员|音乐畅听|游戏加速,非常不满意,中高风险,10,43
CM000714,蓝领工人,男,50,青海,格尔木,145,45.34,38.0,303,全球通388元,iPhone SE,营业厅,闲时流量|语音优惠|务工套餐,满意,中风险,17,54
CM000715,银发一族,男,77,上海,黄浦区,8,57.27,4.3,473,和家庭168,iPhone 15 Pro,微信公众号,紧急呼叫|防诈提醒|健康监测,一般,低风险,27,9
CM000716,商务精英,男,53,新疆,石河子,8,351.66,89.7,515,和家庭198,vivo X100,营业厅,商务彩铃|企业VPN|国际漫游,满意,中风险,23,77
CM000717,银发一族,女,80,江苏,常州,212,39.95,2.5,507,和家庭168,realme GT5,营业厅,健康监测|语音畅聊包|大字版APP,一般,中风险,19,9
CM000718,潮流青年,女,28,宁夏,银川,98,97.02,146.8,265,全球通88元,iPhone SE,10086热线,游戏加速|音乐畅听|社交免流,满意,低风险,25,3
CM000719,商务精英,女,37,辽宁,抚顺,12,370.62,65.5,1017,全球通188元,iPhone 14,网上营业厅,国际漫游|商务彩铃|企业VPN,不满意,低风险,20,63
CM000720,潮流青年,女,22,广西,桂林,219,45.64,135.4,166,和家庭168,iPhone 14,微信公众号,视频会员|社交免流|音乐畅听,非常不满意,中低风险,25,22
CM000721,银发一族,女,58,广西,北海,111,34.08,3.6,562,5G融合套餐299,小米13,微信公众号,大字版APP|健康监测|防诈提醒,一般,中高风险,12,25
CM000722,潮流青年,男,23,宁夏,固原,152,77.65,106.9,141,神州行孝心卡,realme GT5,网上营业厅,音乐畅听|社交免流|游戏加速,非常不满意,中低风险,13,69
CM000723,潮流青年,女,22,西藏,山南,216,77.09,144.3,64,神州行38元,三星S24,APP,社交免流|音乐畅听|游戏加速,一般,中风险,8,71
CM000724,家庭用户,女,44,天津,河东区,43,117.29,47.5,356,5G融合套餐299,OPPO Find X6,营业厅,智能家居|儿童手表|亲情号码,满意,中风险,11,5
CM000725,银发一族,男,66,江西,景德镇,198,28.25,1.7,557,全球通128元,Redmi Note 12,短信营业厅,紧急呼叫|大字版APP|语音畅聊包,满意,中风险,5,57
CM000726,家庭用户,女,32,江西,景德镇,134,152.41,32.6,648,全球通288元,OPPO Find X6,10086热线,家庭共享套餐|宽带融合|亲情号码,非常满意,高风险,14,223
CM000727,商务精英,女,35,山西,大同,114,468.85,65.8,1547,动感地带校园版,OPPO Find X6,营业厅,云存储|5G极速套餐|国际漫游,非常不满意,低风险,26,26
CM000728,学生群体,女,16,四川,南充,180,47.48,31.3,73,动感地带校园版,Redmi Note 12,网上营业厅,学习APP免流|夜间流量|假期短号,满意,低风险,29,3
CM000729,家庭用户,男,41,海南,三亚,125,223.27,52.5,450,5G智享套餐,iPhone 14,APP,儿童手表|家庭共享套餐|宽带融合,满意,低风险,15,3
CM000730,潮流青年,男,18,山东,临沂,238,92.31,45.4,78,5G融合套餐299,华为畅享,APP,音乐畅听|游戏加速|社交免流,满意,中高风险,20,37
CM000731,学生群体,女,16,安徽,芜湖,108,54.3,44.4,93,动感地带校园版,OPPO Find X6,微信公众号,校园流量包|假期短号|学习APP免流,一般,中低风险,30,51
CM000732,潮流青年,男,21,云南,昆明,68,43.08,145.7,170,5G融合套餐299,华为P60,营业厅,流量不限量|视频会员|社交免流,满意,中风险,30,40
CM000733,商务精英,男,46,四川,南充,158,180.11,92.7,428,全球通128元,三星S24,10086热线,5G极速套餐|国际漫游|云存储,一般,低风险,28,2
CM000734,潮流青年,女,21,北京,朝阳区,104,98.62,63.7,53,动感地带校园版,iPhone SE,10086热线,社交免流|游戏加速|音乐畅听,不满意,低风险,20,5
CM000735,潮流青年,男,20,内蒙古,鄂尔多斯,10,84.09,48.1,170,移动畅享套餐,iPhone 15 Pro,微信公众号,流量不限量|社交免流|音乐畅听,不满意,高风险,4,27
CM000736,银发一族,男,80,江西,南昌,71,20.82,2.5,106,全球通188元,荣耀Magic6,网上营业厅,大字版APP|语音畅聊包|紧急呼叫,满意,中风险,2,16
CM000737,学生群体,女,19,河北,廊坊,111,19.33,62.8,68,神州行38元,荣耀Magic6,APP,兼职通话|假期短号|学习APP免流,非常满意,中高风险,22,47
CM000738,潮流青年,女,27,安徽,马鞍山,125,43.08,112.6,217,全球通288元,iPhone 15 Pro,APP,游戏加速|社交免流|流量不限量,满意,中风险,1,56
CM000739,家庭用户,女,30,贵州,贵阳,23,112.42,26.5,669,全球通188元,iPhone 15 Pro,10086热线,智能家居|宽带融合|儿童手表,满意,中风险,4,8
CM000740,学生群体,女,12,青海,德令哈,179,45.76,33.8,96,移动畅享套餐,OPPO Find X6,短信营业厅,夜间流量|假期短号|兼职通话,满意,高风险,13,34
CM000741,潮流青年,男,28,浙江,绍兴,27,108.13,54.2,148,全球通128元,iPhone SE,10086热线,视频会员|流量不限量|游戏加速,满意,低风险,14,14
CM000742,学生群体,男,13,黑龙江,大庆,66,33.28,56.2,34,全球通188元,三星S24,短信营业厅,校园流量包|假期短号|学习APP免流,一般,中风险,12,29
CM000743,银发一族,男,61,广西,柳州,142,48.26,4.1,488,移动大流量卡,华为Mate 60,短信营业厅,大字版APP|紧急呼叫|语音畅聊包,满意,高风险,25,7
CM000744,潮流青年,男,16,重庆,沙坪坝区,16,59.8,81.5,174,和家庭198,iPhone 14,微信公众号,社交免流|游戏加速|音乐畅听,一般,中低风险,11,57
CM000745,潮流青年,女,27,河南,郑州,197,96.56,90.9,299,5G融合套餐299,华为Mate 60,网上营业厅,游戏加速|社交免流|视频会员,满意,中高风险,18,26
CM000746,商务精英,女,36,黑龙江,齐齐哈尔,38,351.65,98.0,711,全球通188元,vivo X100,10086热线,云存储|5G极速套餐|企业VPN,不满意,低风险,3,4
CM000747,潮流青年,女,22,青海,玉树,80,105.02,108.9,203,全球通128元,iPhone 14,APP,社交免流|流量不限量|视频会员,满意,中低风险,29,16
CM000748,商务精英,男,40,湖南,岳阳,165,462.83,72.0,1613,全球通128元,华为畅享,营业厅,商务彩铃|5G极速套餐|国际漫游,一般,高风险,25,48
CM000749,银发一族,男,57,湖南,衡阳,209,47.89,4.3,577,全球通128元,荣耀Magic6,营业厅,健康监测|语音畅聊包|紧急呼叫,一般,中低风险,16,43
CM000750,银发一族,女,55,山西,临汾,7,43.29,3.8,217,全球通188元,荣耀Magic6,网上营业厅,语音畅聊包|健康监测|大字版APP,一般,低风险,13,26
CM000751,潮流青年,男,16,辽宁,沈阳,209,98.02,50.4,202,全球通188元,小米14,营业厅,社交免流|游戏加速|流量不限量,不满意,中风险,14,4
CM000752,潮流青年,女,17,内蒙古,赤峰,57,38.04,99.4,181,全球通388元,vivo X100,10086热线,流量不限量|音乐畅听|游戏加速,不满意,中高风险,6,29
CM000753,蓝领工人,男,40,江西,宜春,26,59.42,16.4,589,和家庭168,荣耀Magic6,微信公众号,务工套餐|语音优惠|老乡号码,满意,中高风险,1,12
CM000754,家庭用户,男,39,江西,南昌,116,223.61,39.8,216,全球通128元,OPPO Find X6,微信公众号,智能家居|宽带融合|家庭共享套餐,一般,中低风险,18,50
CM000755,家庭用户,男,50,山东,烟台,155,180.69,50.8,382,全球通188元,iPhone 15 Pro,短信营业厅,亲情号码|智能家居|家庭共享套餐,满意,高风险,8,20
CM000756,银发一族,女,75,内蒙古,呼和浩特,165,39.1,2.4,219,全球通128元,Redmi Note 12,网上营业厅,防诈提醒|大字版APP|语音畅聊包,非常满意,高风险,2,73
CM000757,家庭用户,男,38,辽宁,鞍山,113,190.22,22.9,338,动感地带校园版,Redmi Note 12,营业厅,亲情号码|宽带融合|儿童手表,不满意,中高风险,3,36
CM000758,学生群体,女,18,吉林,通化,5,52.05,32.9,21,移动大流量卡,realme GT5,10086热线,假期短号|学习APP免流|校园流量包,满意,中风险,18,3
CM000759,家庭用户,男,33,福建,泉州,174,192.07,31.4,404,全球通88元,vivo X100,营业厅,智能家居|亲情号码|儿童手表,不满意,高风险,21,0
CM000760,商务精英,女,52,湖北,黄石,189,180.24,51.3,1823,动感地带18元,vivo X100,营业厅,企业VPN|国际漫游|5G极速套餐,满意,中风险,12,5
CM000761,商务精英,男,34,湖北,荆州,17,438.93,40.3,659,和家庭198,华为畅享,APP,企业VPN|5G极速套餐|国际漫游,满意,中高风险,13,1
CM000762,潮流青年,男,25,河北,邯郸,103,101.3,145.9,59,移动大流量卡,vivo X100,营业厅,视频会员|音乐畅听|流量不限量,非常不满意,中低风险,11,5
CM000763,蓝领工人,男,24,河北,保定,146,86.11,13.9,347,神州行孝心卡,华为Mate 60,短信营业厅,老乡号码|语音优惠|务工套餐,非常不满意,中低风险,22,35
CM000764,银发一族,男,55,海南,三亚,122,21.83,1.5,448,和家庭198,华为畅享,营业厅,紧急呼叫|防诈提醒|大字版APP,一般,低风险,15,13
CM000765,家庭用户,女,34,山东,临沂,201,149.58,56.3,286,和家庭198,华为P60,网上营业厅,儿童手表|智能家居|家庭共享套餐,满意,中高风险,11,92
CM000766,学生群体,女,18,西藏,昌都,139,32.16,51.1,103,动感地带校园版,三星S24,营业厅,学习APP免流|兼职通话|校园流量包,一般,中高风险,2,48
CM000767,家庭用户,女,30,广西,玉林,179,136.35,26.0,314,移动畅享套餐,华为P60,短信营业厅,宽带融合|智能家居|亲情号码,非常不满意,低风险,7,55
CM000768,家庭用户,女,34,安徽,蚌埠,64,137.36,13.0,306,移动大流量卡,小米14,营业厅,智能家居|宽带融合|亲情号码,一般,低风险,19,101
CM000769,潮流青年,男,20,河南,开封,104,109.71,41.7,79,5G融合套餐299,OPPO Find X6,微信公众号,游戏加速|社交免流|音乐畅听,一般,中低风险,17,32
CM000770,蓝领工人,男,31,宁夏,银川,130,59.52,16.1,212,神州行38元,华为Mate 60,APP,闲时流量|视频通话|务工套餐,非常不满意,中风险,12,92
CM000771,潮流青年,男,25,辽宁,抚顺,231,98.92,38.6,275,和家庭168,iPhone 14,营业厅,视频会员|社交免流|音乐畅听,满意,低风险,9,107
CM000772,银发一族,女,68,西藏,日喀则,13,32.68,1.6,152,神州行孝心卡,Redmi Note 12,短信营业厅,防诈提醒|健康监测|紧急呼叫,满意,中高风险,25,136
CM000773,蓝领工人,男,31,湖北,襄阳,193,73.26,20.0,563,动感地带校园版,荣耀Magic6,短信营业厅,视频通话|务工套餐|语音优惠,一般,中风险,5,24
CM000774,潮流青年,女,20,重庆,九龙坡区,199,102.58,112.4,111,全球通128元,OPPO Find X6,短信营业厅,视频会员|音乐畅听|游戏加速,非常不满意,低风险,14,13
CM000775,银发一族,女,59,上海,静安区,145,41.57,0.9,397,全球通288元,三星S24,APP,健康监测|紧急呼叫|语音畅聊包,满意,中低风险,8,28
CM000776,蓝领工人,男,36,安徽,蚌埠,57,40.89,23.2,403,动感地带18元,华为P60,微信公众号,闲时流量|务工套餐|视频通话,满意,中低风险,11,8
CM000777,学生群体,男,19,四川,成都,195,22.49,71.4,115,全球通128元,iPhone 14,营业厅,夜间流量|学习APP免流|假期短号,一般,中低风险,17,9
CM000778,潮流青年,女,25,陕西,宝鸡,54,93.9,104.2,108,动感地带18元,iPhone 14,10086热线,流量不限量|游戏加速|视频会员,一般,中低风险,8,58
CM000779,潮流青年,男,21,辽宁,抚顺,119,118.97,133.4,283,全球通88元,小米13,网上营业厅,社交免流|视频会员|流量不限量,非常满意,高风险,15,96
CM000780,蓝领工人,女,41,青海,德令哈,167,82.1,36.7,568,移动畅享套餐,iPhone 15 Pro,营业厅,闲时流量|视频通话|务工套餐,一般,中低风险,11,30
CM000781,银发一族,男,63,贵州,遵义,172,23.85,4.4,269,和家庭198,三星S24,10086热线,防诈提醒|紧急呼叫|大字版APP,不满意,中低风险,7,21
CM000782,家庭用户,男,37,新疆,伊犁,55,123.85,29.5,762,和家庭198,vivo X100,短信营业厅,智能家居|宽带融合|亲情号码,满意,低风险,18,58
CM000783,银发一族,女,66,四川,成都,69,38.33,3.9,586,全球通388元,iPhone 14,网上营业厅,紧急呼叫|防诈提醒|健康监测,不满意,低风险,19,23
CM000784,商务精英,女,51,重庆,九龙坡区,180,530.44,90.7,1407,全球通388元,华为畅享,10086热线,云存储|企业VPN|商务彩铃,满意,低风险,9,10
CM000785,潮流青年,女,27,陕西,咸阳,28,94.6,134.0,249,全球通88元,iPhone 15 Pro,短信营业厅,游戏加速|音乐畅听|流量不限量,一般,中高风险,13,14
CM000786,家庭用户,女,46,内蒙古,赤峰,238,176.98,41.4,633,和家庭168,华为P60,网上营业厅,家庭共享套餐|智能家居|宽带融合,不满意,中高风险,12,7
CM000787,蓝领工人,男,29,四川,南充,101,55.42,32.7,325,和家庭198,三星S24,APP,语音优惠|闲时流量|务工套餐,满意,中风险,1,21
CM000788,商务精英,男,32,湖北,武汉,142,222.61,45.1,1951,神州行38元,荣耀Magic6,微信公众号,国际漫游|企业VPN|商务彩铃,一般,中风险,3,17
CM000789,银发一族,女,69,甘肃,张掖,94,20.24,2.6,489,全球通188元,三星S24,营业厅,健康监测|大字版APP|防诈提醒,满意,中高风险,12,34
CM000790,潮流青年,男,24,贵州,六盘水,138,113.98,124.5,133,全球通88元,realme GT5,网上营业厅,社交免流|游戏加速|视频会员,满意,中风险,17,7
CM000791,商务精英,男,37,贵州,安顺,214,142.86,97.9,954,全球通188元,iPhone SE,APP,商务彩铃|5G极速套餐|国际漫游,一般,低风险,10,20
CM000792,家庭用户,男,32,甘肃,白银,224,204.2,34.3,656,神州行38元,华为Mate 60,APP,智能家居|宽带融合|亲情号码,不满意,中低风险,22,79
CM000793,潮流青年,女,16,陕西,宝鸡,122,53.52,149.8,187,和家庭198,华为畅享,短信营业厅,社交免流|游戏加速|音乐畅听,满意,中低风险,22,46
CM000794,蓝领工人,男,33,上海,浦东新区,134,51.29,30.6,489,5G融合套餐299,华为Mate 60,营业厅,务工套餐|语音优惠|视频通话,满意,低风险,22,11
CM000795,学生群体,女,16,天津,河北区,237,54.4,34.8,61,和家庭168,三星S24,网上营业厅,校园流量包|兼职通话|夜间流量,满意,中高风险,25,6
CM000796,家庭用户,女,37,河北,廊坊,185,166.29,48.5,608,动感地带校园版,小米14,微信公众号,宽带融合|亲情号码|家庭共享套餐,不满意,低风险,15,51
CM000797,家庭用户,男,34,广东,广州,145,127.65,38.1,220,神州行38元,华为Mate 60,短信营业厅,儿童手表|亲情号码|家庭共享套餐,满意,低风险,1,26
CM000798,银发一族,女,73,内蒙古,呼和浩特,210,18.51,0.5,150,5G融合套餐299,realme GT5,网上营业厅,大字版APP|健康监测|防诈提醒,一般,低风险,12,0
CM000799,潮流青年,男,16,青海,德令哈,192,116.88,91.4,145,5G智享套餐,小米13,微信公众号,游戏加速|视频会员|社交免流,非常满意,高风险,8,7
CM000800,潮流青年,男,25,福建,泉州,5,110.55,39.2,126,全球通388元,OPPO Find X6,营业厅,视频会员|游戏加速|流量不限量,满意,中风险,19,0
